[83:26:13.892][INFO][n91] Requested server stop
[83:26:13.892][WARN][ne] Service mt@7ec86ca is not registered
[83:26:13.892][DEBUG][lu1] Subscribed
[83:26:13.894][WARN][ne] Service mt@8b44596 is not registered
[83:26:13.894][INFO][d91] Client state: Disconnected(reason=NotConnectedYet, additionalInfo=null)
[83:26:13.894][DEBUG][v64] Updated state: OnboardingScreenState(isFirstRun=false)
[83:26:13.894][DEBUG][v64] Send effect: SavedRole(role=SERVER)
[83:26:13.894][DEBUG][App] Navigating to CameraPermissionCheck from org.vpilo.babymonitor.app.navigation.Route.Onboarding, popUpTo=Onboarding
[83:26:13.896][DEBUG][v64] Unsubscribed
[83:26:13.896][DEBUG][App] Navigated to: Root -> RootNavGraph -> Onboarding -> CameraPermissionCheck
[83:26:13.907][DEBUG][App] Navigating to ServerHome from org.vpilo.babymonitor.app.navigation.Route.CameraPermissionCheck, popUpTo=null
[83:26:13.908][DEBUG][App] Navigated to: Root -> RootNavGraph -> Onboarding -> CameraPermissionCheck -> ServerHome
[83:26:13.927][DEBUG][di5] Subscribed
[83:26:13.930][DEBUG][x81] Multicast lock acquired
[83:26:13.930][DEBUG][x81] Registering service: bh1(1cdd4ca6-9245-4972-96b3-f0c4adec7729, 0 addresses)
[83:26:13.933][DEBUG][ne] Requesting service start
[83:26:13.940][INFO][fh1] Loaded device identity
[83:26:13.940][INFO][n91] Requested server start
[83:26:13.941][DEBUG][di5] Updated state: ServerHomeScreenState(onLocalNetwork=false, onRelay=false, hasRelay=false, captureMode=AUDIO_AND_VIDEO)
[83:26:13.941][DEBUG][c51] Battery level changed: 66
[83:26:13.943][DEBUG][c51] Signal quality changed: 100
[83:26:13.943][INFO][n91] Requested update to AUDIO_AND_VIDEO
[83:26:13.943][DEBUG][di5] Updated state: ServerHomeScreenState(onLocalNetwork=false, onRelay=false, hasRelay=true, captureMode=AUDIO_AND_VIDEO)
[83:26:13.945][DEBUG][AndroidServiceHost] Created service
[83:26:13.945][DEBUG][AndroidServiceHost] Starting foreground service
[83:26:13.980][INFO][n91] Server is ready
[83:26:13.980][DEBUG][di5] Updated state: ServerHomeScreenState(onLocalNetwork=true, onRelay=false, hasRelay=true, captureMode=AUDIO_AND_VIDEO)
[83:26:14.637][DEBUG][yl6] Viewfinder attached
[83:26:14.637][DEBUG][yl6] Data source is starting
[83:26:14.637][DEBUG][v70] Attaching Viewfinder
[83:26:14.637][DEBUG][v70] Created surface for viewfinder: 720x1280
[83:26:14.638][WARN][yl6] FPS range [10, 20] not supported, selecting one from: ([15, 15], 0), ([15, 20], 5), ([20, 20], 10), ([24, 24], 18), ([8, 30], 8), ([10, 30], 10), ([15, 30], 15), ([30, 30], 30)
[83:26:14.638][INFO][yl6] Selected FPS range: [15, 15]
[83:26:14.640][DEBUG][ar1] Got a surface request
[83:26:14.640][DEBUG][ar1] VideoOutput source state: ACTIVE_NON_STREAMING
[83:26:14.641][DEBUG][yl6] Camera bound, sensor=90° sensorResolution=1280x720 content=720x1280
[83:26:14.770][INFO][yl6] Device rotation changed: 0°
[83:26:14.897][DEBUG][x81] Service registered
[83:26:15.237][DEBUG][ar1] VideoOutput source state: ACTIVE_STREAMING
[83:26:18.651][DEBUG][yl6] Auto-focus started
[83:26:20.574][DEBUG][App] Navigating to Menu from org.vpilo.babymonitor.app.navigation.Route.ServerHome, popUpTo=null
[83:26:20.577][DEBUG][di5] Unsubscribed
[83:26:20.578][DEBUG][App] Navigated to: Root -> RootNavGraph -> Onboarding -> CameraPermissionCheck -> ServerHome -> Menu
[83:26:20.581][DEBUG][yl6] Viewfinder detached
[83:26:20.581][DEBUG][yl6] Data source is stopping
[83:26:20.582][DEBUG][v70] Detaching Viewfinder
[83:26:20.583][DEBUG][ar1] VideoOutput source state: INACTIVE
[83:26:20.584][WARN][yl6] Auto-focus failed: null
[83:26:20.589][DEBUG][v70] Releasing
[83:26:20.620][DEBUG][lq3] Subscribed
[83:26:20.620][DEBUG][sq3] Subscribed
[83:26:20.621][DEBUG][sq3] Subscribed
[83:26:20.621][DEBUG][sq3] Subscribed
[83:26:20.624][DEBUG][lq3] Updated state: MenuScreenState(currentRole=SERVER, isConnected=false)
[83:26:20.624][DEBUG][sq3] Updated state: MenuSettingItemState(SettingId(value=device_name), <921888984>)
[83:26:20.624][DEBUG][sq3] Updated state: MenuSettingItemState(SettingId(value=relay_host), <1960553357>)
[83:26:20.624][DEBUG][sq3] Updated state: MenuSettingItemState(SettingId(value=relay_passphrase), <-1117634686>)
[83:26:20.630][WARN][MenuSettingItem] Using Slider for Int setting SettingId(value=silence_detection_threshold) with limits 1.0..5.0
[83:26:20.643][DEBUG][sq3] Subscribed
[83:26:20.644][DEBUG][sq3] Subscribed
[83:26:20.644][DEBUG][sq3] Subscribed
[83:26:20.702][DEBUG][ar1] Surface released
[83:26:37.115][DEBUG][sq3] Unsubscribed
[83:26:37.115][DEBUG][sq3] Unsubscribed
[83:26:37.116][DEBUG][sq3] Unsubscribed
[83:26:37.116][DEBUG][sq3] Unsubscribed
[83:26:37.116][DEBUG][sq3] Unsubscribed
[83:26:37.117][DEBUG][sq3] Unsubscribed
[83:26:37.117][DEBUG][lq3] Unsubscribed
[83:26:37.118][DEBUG][App] Navigated to: Root -> RootNavGraph -> Onboarding -> CameraPermissionCheck -> ServerHome
[83:26:37.139][DEBUG][di5] Subscribed
[83:26:37.143][INFO][n91] Requested update to AUDIO_AND_VIDEO
[83:26:37.856][WARN][yl6] Renderer was released, creating a new one
[83:26:37.856][DEBUG][yl6] Data source is starting
[83:26:37.858][DEBUG][v70] Initializing with size=1280x720
[83:26:37.862][DEBUG][yl6] Viewfinder attached
[83:26:37.862][DEBUG][v70] Attaching Viewfinder
[83:26:37.862][WARN][yl6] FPS range [10, 20] not supported, selecting one from: ([15, 15], 0), ([15, 20], 5), ([20, 20], 10), ([24, 24], 18), ([8, 30], 8), ([10, 30], 10), ([15, 30], 15), ([30, 30], 30)
[83:26:37.862][INFO][yl6] Selected FPS range: [15, 15]
[83:26:37.863][DEBUG][v70] Created surface for viewfinder: 720x1280
[83:26:37.866][DEBUG][ar1] Got a surface request
[83:26:37.866][DEBUG][ar1] VideoOutput source state: ACTIVE_NON_STREAMING
[83:26:37.867][DEBUG][yl6] Camera bound, sensor=90° sensorResolution=1280x720 content=720x1280
[83:26:37.989][INFO][yl6] Device rotation changed: 0°
[83:26:38.484][DEBUG][ar1] VideoOutput source state: ACTIVE_STREAMING
[83:26:41.874][DEBUG][yl6] Auto-focus started
[83:26:44.802][WARN][yl6] Auto-focus failed: null
[83:26:53.737][DEBUG][yl6] Viewfinder detached
[83:26:53.737][DEBUG][yl6] Data source is stopping
[83:26:53.738][DEBUG][v70] Detaching Viewfinder
[83:26:53.755][DEBUG][ar1] VideoOutput source state: INACTIVE
[83:26:53.771][DEBUG][v70] Releasing
[83:26:53.772][DEBUG][lu1] Unsubscribed
[83:26:53.773][DEBUG][di5] Unsubscribed
[83:26:53.867][DEBUG][ar1] Surface released
[83:27:30.597][DEBUG][di5] Subscribed
[83:27:30.597][DEBUG][lu1] Subscribed
[83:27:30.617][WARN][yl6] Renderer was released, creating a new one
[83:27:30.617][DEBUG][yl6] Data source is starting
[83:27:30.617][DEBUG][v70] Initializing with size=1280x720
[83:27:30.625][DEBUG][yl6] Viewfinder attached
[83:27:30.625][DEBUG][v70] Attaching Viewfinder
[83:27:30.625][DEBUG][v70] Created surface for viewfinder: 720x1280
[83:27:30.626][INFO][n91] Requested update to AUDIO_AND_VIDEO
[83:27:30.628][WARN][yl6] FPS range [10, 20] not supported, selecting one from: ([15, 15], 0), ([15, 20], 5), ([20, 20], 10), ([24, 24], 18), ([8, 30], 8), ([10, 30], 10), ([15, 30], 15), ([30, 30], 30)
[83:27:30.628][INFO][yl6] Selected FPS range: [15, 15]
[83:27:30.633][DEBUG][ar1] Got a surface request
[83:27:30.633][DEBUG][ar1] VideoOutput source state: ACTIVE_NON_STREAMING
[83:27:30.634][DEBUG][yl6] Camera bound, sensor=90° sensorResolution=1280x720 content=720x1280
[83:27:31.143][INFO][yl6] Device rotation changed: 0°
[83:27:31.330][DEBUG][ar1] VideoOutput source state: ACTIVE_STREAMING
[83:27:32.628][DEBUG][c51] Signal quality changed: 75
[83:27:34.649][DEBUG][yl6] Auto-focus started
[83:27:36.516][WARN][yl6] Auto-focus failed: null
[83:27:45.183][INFO][yl6] Device rotation changed: 90°
[83:28:02.282][INFO][yl6] Device rotation changed: 0°
[83:28:03.542][INFO][yl6] Device rotation changed: 270°
[83:28:03.722][INFO][yl6] Device rotation changed: 90°
[83:28:32.630][DEBUG][c51] Battery level changed: 65
[83:28:32.632][DEBUG][c51] Signal quality changed: 77
[83:29:32.633][DEBUG][c51] Battery level changed: 66
[83:29:32.634][DEBUG][c51] Signal quality changed: 73
[83:30:32.637][DEBUG][c51] Signal quality changed: 75
[83:31:04.259][INFO][yl6] Device rotation changed: 180°
[83:31:04.619][INFO][yl6] Device rotation changed: 270°
[83:31:04.979][INFO][yl6] Device rotation changed: 0°
[83:31:06.380][DEBUG][App] Navigating to Menu from org.vpilo.babymonitor.app.navigation.Route.ServerHome, popUpTo=null
[83:31:06.384][DEBUG][di5] Unsubscribed
[83:31:06.385][DEBUG][App] Navigated to: Root -> RootNavGraph -> Onboarding -> CameraPermissionCheck -> ServerHome -> Menu
[83:31:06.388][DEBUG][yl6] Viewfinder detached
[83:31:06.388][DEBUG][yl6] Data source is stopping
[83:31:06.389][DEBUG][v70] Detaching Viewfinder
[83:31:06.390][DEBUG][ar1] VideoOutput source state: INACTIVE
[83:31:06.400][DEBUG][v70] Releasing
[83:31:06.422][DEBUG][lq3] Subscribed
[83:31:06.422][DEBUG][sq3] Subscribed
[83:31:06.422][DEBUG][sq3] Subscribed
[83:31:06.422][DEBUG][sq3] Subscribed
[83:31:06.424][DEBUG][lq3] Updated state: MenuScreenState(currentRole=SERVER, isConnected=false)
[83:31:06.424][DEBUG][sq3] Updated state: MenuSettingItemState(SettingId(value=device_name), <921888984>)
[83:31:06.425][DEBUG][sq3] Updated state: MenuSettingItemState(SettingId(value=relay_host), <1960553357>)
[83:31:06.425][DEBUG][sq3] Updated state: MenuSettingItemState(SettingId(value=relay_passphrase), <-1117634686>)
[83:31:06.433][WARN][MenuSettingItem] Using Slider for Int setting SettingId(value=silence_detection_threshold) with limits 1.0..5.0
[83:31:06.443][DEBUG][sq3] Subscribed
[83:31:06.443][DEBUG][sq3] Subscribed
[83:31:06.443][DEBUG][sq3] Subscribed
[83:31:06.548][DEBUG][ar1] Surface released
[83:31:10.547][DEBUG][lu1] Unsubscribed
[83:31:10.548][DEBUG][sq3] Unsubscribed
[83:31:10.548][DEBUG][sq3] Unsubscribed
[83:31:10.549][DEBUG][sq3] Unsubscribed
[83:31:10.549][DEBUG][sq3] Unsubscribed
[83:31:10.549][DEBUG][sq3] Unsubscribed
[83:31:10.549][DEBUG][sq3] Unsubscribed
[83:31:10.549][DEBUG][lq3] Unsubscribed
[83:31:10.824][DEBUG][x81] Unregistering service
[83:31:10.825][DEBUG][x81] Multicast lock released
[83:31:10.826][DEBUG][x81] Service unregistered
[83:31:10.826][INFO][n91] Requested server stop
[83:31:12.135][INFO][n91] Server is stopping
[83:31:12.135][DEBUG][ne] Requesting service stop
[83:31:12.157][DEBUG][AndroidServiceHost] Destroyed service
[83:31:12.171][DEBUG][App] Navigated to: Root -> RootNavGraph -> Onboarding
[83:31:12.171][DEBUG][v64] Subscribed
[83:31:12.171][INFO][n91] Requested server stop
[83:31:12.174][WARN][ne] Service mt@7ec86ca is not registered
[83:31:12.176][DEBUG][lu1] Subscribed
[83:31:12.179][DEBUG][v64] Updated state: OnboardingScreenState(isFirstRun=false)
[83:31:12.179][DEBUG][v64] Send effect: SavedRole(role=SERVER)
[83:31:12.179][WARN][ne] Service mt@8b44596 is not registered
[83:31:12.179][INFO][d91] Client state: Disconnected(reason=NotConnectedYet, additionalInfo=null)
[83:31:12.180][DEBUG][App] Navigating to CameraPermissionCheck from org.vpilo.babymonitor.app.navigation.Route.Onboarding, popUpTo=Onboarding
[83:31:12.181][DEBUG][v64] Unsubscribed
[83:31:12.181][DEBUG][App] Navigated to: Root -> RootNavGraph -> Onboarding -> CameraPermissionCheck
[83:31:12.193][DEBUG][App] Navigating to ServerHome from org.vpilo.babymonitor.app.navigation.Route.CameraPermissionCheck, popUpTo=null
[83:31:12.194][DEBUG][App] Navigated to: Root -> RootNavGraph -> Onboarding -> CameraPermissionCheck -> ServerHome
[83:31:12.215][DEBUG][di5] Subscribed
[83:31:12.217][DEBUG][x81] Multicast lock acquired
[83:31:12.218][DEBUG][x81] Registering service: bh1(1cdd4ca6-9245-4972-96b3-f0c4adec7729, 0 addresses)
[83:31:12.218][DEBUG][ne] Requesting service start
[83:31:12.222][INFO][fh1] Loaded device identity
[83:31:12.222][INFO][n91] Requested server start
[83:31:12.222][DEBUG][di5] Updated state: ServerHomeScreenState(onLocalNetwork=false, onRelay=false, hasRelay=false, captureMode=AUDIO_AND_VIDEO)
[83:31:12.223][DEBUG][c51] Signal quality changed: 60
[83:31:12.223][DEBUG][c51] Battery level changed: 66
[83:31:12.226][INFO][n91] Requested update to AUDIO_AND_VIDEO
[83:31:12.226][DEBUG][di5] Updated state: ServerHomeScreenState(onLocalNetwork=false, onRelay=false, hasRelay=true, captureMode=AUDIO_AND_VIDEO)
[83:31:12.229][DEBUG][AndroidServiceHost] Created service
[83:31:12.230][DEBUG][AndroidServiceHost] Starting foreground service
[83:31:12.268][INFO][n91] Server is ready
[83:31:12.268][DEBUG][di5] Updated state: ServerHomeScreenState(onLocalNetwork=true, onRelay=false, hasRelay=true, captureMode=AUDIO_AND_VIDEO)
[83:31:12.926][WARN][yl6] Renderer was released, creating a new one
[83:31:12.926][DEBUG][yl6] Data source is starting
[83:31:12.928][DEBUG][v70] Initializing with size=1280x720
[83:31:12.932][DEBUG][yl6] Viewfinder attached
[83:31:12.932][WARN][yl6] FPS range [10, 20] not supported, selecting one from: ([15, 15], 0), ([15, 20], 5), ([20, 20], 10), ([24, 24], 18), ([8, 30], 8), ([10, 30], 10), ([15, 30], 15), ([30, 30], 30)
[83:31:12.932][INFO][yl6] Selected FPS range: [15, 15]
[83:31:12.933][DEBUG][v70] Attaching Viewfinder
[83:31:12.933][DEBUG][v70] Created surface for viewfinder: 720x1280
[83:31:12.936][DEBUG][ar1] Got a surface request
[83:31:12.936][DEBUG][ar1] VideoOutput source state: ACTIVE_NON_STREAMING
[83:31:12.938][DEBUG][yl6] Camera bound, sensor=90° sensorResolution=1280x720 content=720x1280
[83:31:13.070][DEBUG][x81] Service registered
[83:31:13.077][INFO][yl6] Device rotation changed: 0°
[83:31:13.529][DEBUG][ar1] VideoOutput source state: ACTIVE_STREAMING
[83:31:16.949][DEBUG][yl6] Auto-focus started
[83:31:19.113][WARN][yl6] Auto-focus failed: null
[83:31:23.562][DEBUG][App] Navigating to Menu from org.vpilo.babymonitor.app.navigation.Route.ServerHome, popUpTo=null
[83:31:23.563][DEBUG][di5] Unsubscribed
[83:31:23.564][DEBUG][App] Navigated to: Root -> RootNavGraph -> Onboarding -> CameraPermissionCheck -> ServerHome -> Menu
[83:31:23.577][DEBUG][yl6] Viewfinder detached
[83:31:23.577][DEBUG][yl6] Data source is stopping
[83:31:23.577][DEBUG][v70] Detaching Viewfinder
[83:31:23.581][DEBUG][ar1] VideoOutput source state: INACTIVE
[83:31:23.586][DEBUG][v70] Releasing
[83:31:23.615][DEBUG][lq3] Subscribed
[83:31:23.615][DEBUG][sq3] Subscribed
[83:31:23.615][DEBUG][sq3] Subscribed
[83:31:23.616][DEBUG][sq3] Subscribed
[83:31:23.619][DEBUG][lq3] Updated state: MenuScreenState(currentRole=SERVER, isConnected=false)
[83:31:23.619][DEBUG][sq3] Updated state: MenuSettingItemState(SettingId(value=device_name), <921888984>)
[83:31:23.619][DEBUG][sq3] Updated state: MenuSettingItemState(SettingId(value=relay_host), <1960553357>)
[83:31:23.619][DEBUG][sq3] Updated state: MenuSettingItemState(SettingId(value=relay_passphrase), <-1117634686>)
[83:31:23.626][WARN][MenuSettingItem] Using Slider for Int setting SettingId(value=silence_detection_threshold) with limits 1.0..5.0
[83:31:23.639][DEBUG][sq3] Subscribed
[83:31:23.640][DEBUG][sq3] Subscribed
[83:31:23.640][DEBUG][sq3] Subscribed
[83:31:23.715][DEBUG][ar1] Surface released
[83:31:29.499][DEBUG][sq3] Send action: MenuSettingItemAction.SetValue(<-174600065>)
[83:31:29.499][DEBUG][sq3] Received action: MenuSettingItemAction.SetValue(<-174600065>)
[83:31:29.499][DEBUG][sq3] Updated state: MenuSettingItemState(SettingId(value=relay_passphrase), <-174600065>)
[83:31:31.500][DEBUG][ka1] Delayed save of 'SettingId(value=relay_passphrase)'
[83:31:31.508][DEBUG][h15] Connecting to relay at RelayConfiguration(<host 1960553357>, with passphrase) as bh1(1cdd4ca6-9245-4972-96b3-f0c4adec7729, 0 addresses)
[83:31:32.299][WARN][RelayConnection] Relay refused access to /relay/server - check the relay passphrase
[83:31:32.387][DEBUG][sq3] Unsubscribed
[83:31:32.387][DEBUG][sq3] Unsubscribed
[83:31:32.388][DEBUG][sq3] Unsubscribed
[83:31:32.388][DEBUG][sq3] Unsubscribed
[83:31:32.388][DEBUG][sq3] Unsubscribed
[83:31:32.389][DEBUG][sq3] Unsubscribed
[83:31:32.389][DEBUG][lq3] Unsubscribed
[83:31:32.389][DEBUG][App] Navigated to: Root -> RootNavGraph -> Onboarding -> CameraPermissionCheck -> ServerHome
[83:31:32.409][DEBUG][di5] Subscribed
[83:31:32.414][INFO][n91] Requested update to AUDIO_AND_VIDEO
[83:31:33.120][WARN][yl6] Renderer was released, creating a new one
[83:31:33.120][DEBUG][yl6] Data source is starting
[83:31:33.123][DEBUG][v70] Initializing with size=1280x720
[83:31:33.130][DEBUG][yl6] Viewfinder attached
[83:31:33.130][DEBUG][v70] Attaching Viewfinder
[83:31:33.130][WARN][yl6] FPS range [10, 20] not supported, selecting one from: ([15, 15], 0), ([15, 20], 5), ([20, 20], 10), ([24, 24], 18), ([8, 30], 8), ([10, 30], 10), ([15, 30], 15), ([30, 30], 30)
[83:31:33.130][INFO][yl6] Selected FPS range: [15, 15]
[83:31:33.130][DEBUG][v70] Created surface for viewfinder: 720x1280
[83:31:33.134][DEBUG][ar1] Got a surface request
[83:31:33.134][DEBUG][ar1] VideoOutput source state: ACTIVE_NON_STREAMING
[83:31:33.135][DEBUG][yl6] Camera bound, sensor=90° sensorResolution=1280x720 content=720x1280
[83:31:33.237][INFO][yl6] Device rotation changed: 0°
[83:31:33.756][DEBUG][ar1] VideoOutput source state: ACTIVE_STREAMING
[83:31:35.302][DEBUG][h15] Connecting to relay at RelayConfiguration(<host 1960553357>, with passphrase) as bh1(1cdd4ca6-9245-4972-96b3-f0c4adec7729, 0 addresses)
[83:31:35.476][WARN][RelayConnection] Relay refused access to /relay/server - check the relay passphrase
[83:31:36.537][DEBUG][App] Navigating to Menu from org.vpilo.babymonitor.app.navigation.Route.ServerHome, popUpTo=null
[83:31:36.541][DEBUG][di5] Unsubscribed
[83:31:36.542][DEBUG][App] Navigated to: Root -> RootNavGraph -> Onboarding -> CameraPermissionCheck -> ServerHome -> Menu
[83:31:36.550][DEBUG][yl6] Viewfinder detached
[83:31:36.550][DEBUG][yl6] Data source is stopping
[83:31:36.550][DEBUG][v70] Detaching Viewfinder
[83:31:36.557][DEBUG][ar1] VideoOutput source state: INACTIVE
[83:31:36.564][DEBUG][v70] Releasing
[83:31:36.588][DEBUG][lq3] Subscribed
[83:31:36.588][DEBUG][sq3] Subscribed
[83:31:36.588][DEBUG][sq3] Subscribed
[83:31:36.589][DEBUG][sq3] Subscribed
[83:31:36.592][DEBUG][lq3] Updated state: MenuScreenState(currentRole=SERVER, isConnected=false)
[83:31:36.592][DEBUG][sq3] Updated state: MenuSettingItemState(SettingId(value=device_name), <921888984>)
[83:31:36.592][DEBUG][sq3] Updated state: MenuSettingItemState(SettingId(value=relay_host), <1960553357>)
[83:31:36.592][DEBUG][sq3] Updated state: MenuSettingItemState(SettingId(value=relay_passphrase), <-174600065>)
[83:31:36.600][WARN][MenuSettingItem] Using Slider for Int setting SettingId(value=silence_detection_threshold) with limits 1.0..5.0
[83:31:36.615][DEBUG][sq3] Subscribed
[83:31:36.615][DEBUG][sq3] Subscribed
[83:31:36.615][DEBUG][sq3] Subscribed
[83:31:36.677][DEBUG][ar1] Surface released
[83:31:38.478][DEBUG][h15] Connecting to relay at RelayConfiguration(<host 1960553357>, with passphrase) as bh1(1cdd4ca6-9245-4972-96b3-f0c4adec7729, 0 addresses)
[83:31:38.676][WARN][RelayConnection] Relay refused access to /relay/server - check the relay passphrase
[83:31:40.393][DEBUG][sq3] Send action: MenuSettingItemAction.SetValue(<-1117634686>)
[83:31:40.393][DEBUG][sq3] Received action: MenuSettingItemAction.SetValue(<-1117634686>)
[83:31:40.394][DEBUG][sq3] Updated state: MenuSettingItemState(SettingId(value=relay_passphrase), <-1117634686>)
[83:31:41.680][DEBUG][h15] Connecting to relay at RelayConfiguration(<host 1960553357>, with passphrase) as bh1(1cdd4ca6-9245-4972-96b3-f0c4adec7729, 0 addresses)
[83:31:41.862][WARN][RelayConnection] Relay refused access to /relay/server - check the relay passphrase
[83:31:42.394][DEBUG][ka1] Delayed save of 'SettingId(value=relay_passphrase)'
[83:31:42.399][DEBUG][h15] Connecting to relay at RelayConfiguration(<host 1960553357>, with passphrase) as bh1(1cdd4ca6-9245-4972-96b3-f0c4adec7729, 0 addresses)
[83:31:42.740][DEBUG][sq3] Unsubscribed
[83:31:42.740][DEBUG][sq3] Unsubscribed
[83:31:42.740][DEBUG][sq3] Unsubscribed
[83:31:42.741][DEBUG][sq3] Unsubscribed
[83:31:42.741][DEBUG][sq3] Unsubscribed
[83:31:42.741][DEBUG][sq3] Unsubscribed
[83:31:42.741][DEBUG][lq3] Unsubscribed
[83:31:42.742][DEBUG][App] Navigated to: Root -> RootNavGraph -> Onboarding -> CameraPermissionCheck -> ServerHome
[83:31:42.760][DEBUG][di5] Subscribed
[83:31:42.765][INFO][n91] Requested update to AUDIO_AND_VIDEO
[83:31:42.981][DEBUG][h15] WebSocket opened
[83:31:42.981][INFO][h15] Registered with relay as bh1(1cdd4ca6-9245-4972-96b3-f0c4adec7729, 0 addresses)
[83:31:42.982][DEBUG][di5] Updated state: ServerHomeScreenState(onLocalNetwork=true, onRelay=true, hasRelay=true, captureMode=AUDIO_AND_VIDEO)
[83:31:43.473][DEBUG][yl6] Data source is starting
[83:31:43.473][WARN][yl6] Renderer was released, creating a new one
[83:31:43.474][DEBUG][v70] Initializing with size=1280x720
[83:31:43.481][DEBUG][yl6] Viewfinder attached
[83:31:43.481][DEBUG][v70] Attaching Viewfinder
[83:31:43.481][WARN][yl6] FPS range [10, 20] not supported, selecting one from: ([15, 15], 0), ([15, 20], 5), ([20, 20], 10), ([24, 24], 18), ([8, 30], 8), ([10, 30], 10), ([15, 30], 15), ([30, 30], 30)
[83:31:43.481][INFO][yl6] Selected FPS range: [15, 15]
[83:31:43.481][DEBUG][v70] Created surface for viewfinder: 720x1280
[83:31:43.485][DEBUG][ar1] Got a surface request
[83:31:43.485][DEBUG][ar1] VideoOutput source state: ACTIVE_NON_STREAMING
[83:31:43.486][DEBUG][yl6] Camera bound, sensor=90° sensorResolution=1280x720 content=720x1280
[83:31:43.497][INFO][yl6] Device rotation changed: 0°
[83:31:44.084][DEBUG][ar1] VideoOutput source state: ACTIVE_STREAMING
[83:31:47.492][DEBUG][yl6] Auto-focus started
[83:31:48.898][INFO][yl6] Device rotation changed: 270°
[83:31:49.467][DEBUG][yl6] Auto-focus succeeded
[83:31:58.077][INFO][yl6] Device rotation changed: 90°
[83:31:58.258][INFO][yl6] Device rotation changed: 0°
[83:32:01.693][DEBUG][yl6] Viewfinder detached
[83:32:01.694][DEBUG][yl6] Data source is stopping
[83:32:01.695][WARN][v70] eglSwapBuffers failed: 12299
[83:32:01.695][DEBUG][v70] Detaching Viewfinder
[83:32:01.702][DEBUG][ar1] VideoOutput source state: INACTIVE
[83:32:01.714][DEBUG][v70] Releasing
[83:32:01.855][DEBUG][lu1] Unsubscribed
[83:32:01.856][DEBUG][di5] Unsubscribed
[83:32:01.925][DEBUG][ar1] Surface released
[83:32:02.147][DEBUG][x81] Unregistering service
[83:32:02.149][DEBUG][x81] Service unregistered
[83:32:02.153][DEBUG][x81] Multicast lock released
[83:32:02.153][INFO][n91] Requested server stop
[83:32:02.565][INFO][n91] Server is stopping
[83:32:02.565][DEBUG][ne] Requesting service stop
[83:32:02.576][DEBUG][AndroidServiceHost] Destroyed service
[83:32:02.898][DEBUG][App] Navigated to: Root -> RootNavGraph -> Onboarding
[83:32:02.898][DEBUG][v64] Subscribed
[83:32:02.898][INFO][n91] Requested server stop
[83:32:02.899][WARN][ne] Service mt@7ec86ca is not registered
[83:32:02.899][DEBUG][lu1] Subscribed
[83:32:02.900][WARN][ne] Service mt@8b44596 is not registered
[83:32:02.900][INFO][d91] Client state: Disconnected(reason=NotConnectedYet, additionalInfo=null)
[83:32:02.900][DEBUG][v64] Updated state: OnboardingScreenState(isFirstRun=false)
[83:32:02.900][DEBUG][v64] Send effect: SavedRole(role=SERVER)
[83:32:02.900][DEBUG][App] Navigating to CameraPermissionCheck from org.vpilo.babymonitor.app.navigation.Route.Onboarding, popUpTo=Onboarding
[83:32:02.902][DEBUG][v64] Unsubscribed
[83:32:02.902][DEBUG][App] Navigated to: Root -> RootNavGraph -> Onboarding -> CameraPermissionCheck
[83:32:02.915][DEBUG][App] Navigating to ServerHome from org.vpilo.babymonitor.app.navigation.Route.CameraPermissionCheck, popUpTo=null
[83:32:02.916][DEBUG][App] Navigated to: Root -> RootNavGraph -> Onboarding -> CameraPermissionCheck -> ServerHome
[83:32:02.938][DEBUG][di5] Subscribed
[83:32:02.941][DEBUG][x81] Multicast lock acquired
[83:32:02.941][DEBUG][x81] Registering service: bh1(1cdd4ca6-9245-4972-96b3-f0c4adec7729, 0 addresses)
[83:32:02.941][DEBUG][ne] Requesting service start
[83:32:02.946][INFO][fh1] Loaded device identity
[83:32:02.946][INFO][n91] Requested server start
[83:32:02.946][DEBUG][di5] Updated state: ServerHomeScreenState(onLocalNetwork=false, onRelay=false, hasRelay=false, captureMode=AUDIO_AND_VIDEO)
[83:32:02.948][DEBUG][c51] Battery level changed: 66
[83:32:02.949][DEBUG][c51] Signal quality changed: 100
[83:32:02.950][INFO][n91] Requested update to AUDIO_AND_VIDEO
[83:32:02.950][DEBUG][di5] Updated state: ServerHomeScreenState(onLocalNetwork=false, onRelay=false, hasRelay=true, captureMode=AUDIO_AND_VIDEO)
[83:32:02.951][DEBUG][AndroidServiceHost] Created service
[83:32:02.951][DEBUG][AndroidServiceHost] Starting foreground service
[83:32:02.984][INFO][n91] Server is ready
[83:32:02.984][DEBUG][di5] Updated state: ServerHomeScreenState(onLocalNetwork=true, onRelay=false, hasRelay=true, captureMode=AUDIO_AND_VIDEO)
[83:32:03.647][WARN][yl6] Renderer was released, creating a new one
[83:32:03.647][DEBUG][yl6] Data source is starting
[83:32:03.647][DEBUG][v70] Initializing with size=1280x720
[83:32:03.652][DEBUG][yl6] Viewfinder attached
[83:32:03.652][DEBUG][v70] Attaching Viewfinder
[83:32:03.652][WARN][yl6] FPS range [10, 20] not supported, selecting one from: ([15, 15], 0), ([15, 20], 5), ([20, 20], 10), ([24, 24], 18), ([8, 30], 8), ([10, 30], 10), ([15, 30], 15), ([30, 30], 30)
[83:32:03.652][INFO][yl6] Selected FPS range: [15, 15]
[83:32:03.652][DEBUG][v70] Created surface for viewfinder: 720x1280
[83:32:03.655][DEBUG][ar1] Got a surface request
[83:32:03.655][DEBUG][ar1] VideoOutput source state: ACTIVE_NON_STREAMING
[83:32:03.656][DEBUG][yl6] Camera bound, sensor=90° sensorResolution=1280x720 content=720x1280
[83:32:03.837][INFO][yl6] Device rotation changed: 0°
[83:32:03.880][DEBUG][x81] Service registered
[83:32:04.196][DEBUG][ar1] VideoOutput source state: ACTIVE_STREAMING
[83:32:07.661][DEBUG][yl6] Auto-focus started
[83:32:10.042][DEBUG][yl6] Auto-focus succeeded
[83:33:34.569][DEBUG][App] Navigating to Menu from org.vpilo.babymonitor.app.navigation.Route.ServerHome, popUpTo=null
[83:33:34.570][DEBUG][di5] Unsubscribed
[83:33:34.570][DEBUG][App] Navigated to: Root -> RootNavGraph -> Onboarding -> CameraPermissionCheck -> ServerHome -> Menu
[83:33:34.572][DEBUG][yl6] Viewfinder detached
[83:33:34.572][DEBUG][yl6] Data source is stopping
[83:33:34.573][DEBUG][v70] Detaching Viewfinder
[83:33:34.574][DEBUG][ar1] VideoOutput source state: INACTIVE
[83:33:34.582][DEBUG][v70] Releasing
[83:33:34.606][DEBUG][lq3] Subscribed
[83:33:34.606][DEBUG][sq3] Subscribed
[83:33:34.606][DEBUG][sq3] Subscribed
[83:33:34.607][DEBUG][sq3] Subscribed
[83:33:34.609][DEBUG][lq3] Updated state: MenuScreenState(currentRole=SERVER, isConnected=false)
[83:33:34.609][DEBUG][sq3] Updated state: MenuSettingItemState(SettingId(value=device_name), <921888984>)
[83:33:34.609][DEBUG][sq3] Updated state: MenuSettingItemState(SettingId(value=relay_host), <1960553357>)
[83:33:34.610][DEBUG][sq3] Updated state: MenuSettingItemState(SettingId(value=relay_passphrase), <-1117634686>)
[83:33:34.615][WARN][MenuSettingItem] Using Slider for Int setting SettingId(value=silence_detection_threshold) with limits 1.0..5.0
[83:33:34.626][DEBUG][sq3] Subscribed
[83:33:34.627][DEBUG][sq3] Subscribed
[83:33:34.627][DEBUG][sq3] Subscribed
[83:33:34.696][DEBUG][ar1] Surface released
[83:33:36.092][DEBUG][App] Navigating up from org.vpilo.babymonitor.app.navigation.Route.Menu
[83:33:36.093][DEBUG][sq3] Unsubscribed
[83:33:36.094][DEBUG][sq3] Unsubscribed
[83:33:36.094][DEBUG][sq3] Unsubscribed
[83:33:36.095][DEBUG][sq3] Unsubscribed
[83:33:36.095][DEBUG][sq3] Unsubscribed
[83:33:36.095][DEBUG][sq3] Unsubscribed
[83:33:36.096][DEBUG][lq3] Unsubscribed
[83:33:36.096][DEBUG][App] Navigated to: Root -> RootNavGraph -> Onboarding -> CameraPermissionCheck -> ServerHome
[83:33:36.120][DEBUG][di5] Subscribed
[83:33:36.126][INFO][n91] Requested update to AUDIO_AND_VIDEO
[83:33:36.832][WARN][yl6] Renderer was released, creating a new one
[83:33:36.833][DEBUG][yl6] Data source is starting
[83:33:36.834][DEBUG][v70] Initializing with size=1280x720
[83:33:36.840][DEBUG][yl6] Viewfinder attached
[83:33:36.840][WARN][yl6] FPS range [10, 20] not supported, selecting one from: ([15, 15], 0), ([15, 20], 5), ([20, 20], 10), ([24, 24], 18), ([8, 30], 8), ([10, 30], 10), ([15, 30], 15), ([30, 30], 30)
[83:33:36.840][INFO][yl6] Selected FPS range: [15, 15]
[83:33:36.840][DEBUG][v70] Attaching Viewfinder
[83:33:36.840][DEBUG][v70] Created surface for viewfinder: 720x1280
[83:33:36.845][DEBUG][ar1] Got a surface request
[83:33:36.845][DEBUG][ar1] VideoOutput source state: ACTIVE_NON_STREAMING
[83:33:36.846][DEBUG][yl6] Camera bound, sensor=90° sensorResolution=1280x720 content=720x1280
[83:33:37.571][DEBUG][ar1] VideoOutput source state: ACTIVE_STREAMING
[83:33:39.169][DEBUG][App] Navigating to Menu from org.vpilo.babymonitor.app.navigation.Route.ServerHome, popUpTo=null
[83:33:39.171][DEBUG][di5] Unsubscribed
[83:33:39.171][DEBUG][App] Navigated to: Root -> RootNavGraph -> Onboarding -> CameraPermissionCheck -> ServerHome -> Menu
[83:33:39.183][DEBUG][yl6] Viewfinder detached
[83:33:39.183][DEBUG][yl6] Data source is stopping
[83:33:39.183][DEBUG][v70] Detaching Viewfinder
[83:33:39.185][DEBUG][ar1] VideoOutput source state: INACTIVE
[83:33:39.191][DEBUG][v70] Releasing
[83:33:39.218][DEBUG][lq3] Subscribed
[83:33:39.218][DEBUG][sq3] Subscribed
[83:33:39.218][DEBUG][sq3] Subscribed
[83:33:39.218][DEBUG][sq3] Subscribed
[83:33:39.222][DEBUG][lq3] Updated state: MenuScreenState(currentRole=SERVER, isConnected=false)
[83:33:39.222][DEBUG][sq3] Updated state: MenuSettingItemState(SettingId(value=device_name), <921888984>)
[83:33:39.222][DEBUG][sq3] Updated state: MenuSettingItemState(SettingId(value=relay_host), <1960553357>)
[83:33:39.222][DEBUG][sq3] Updated state: MenuSettingItemState(SettingId(value=relay_passphrase), <-1117634686>)
[83:33:39.234][WARN][MenuSettingItem] Using Slider for Int setting SettingId(value=silence_detection_threshold) with limits 1.0..5.0
[83:33:39.247][DEBUG][sq3] Subscribed
[83:33:39.247][DEBUG][sq3] Subscribed
[83:33:39.247][DEBUG][sq3] Subscribed
[83:33:39.289][DEBUG][ar1] Surface released
[83:33:42.623][DEBUG][sq3] Send action: MenuSettingItemAction.SetValue(<647611955>)
[83:33:42.623][DEBUG][sq3] Received action: MenuSettingItemAction.SetValue(<647611955>)
[83:33:42.623][DEBUG][sq3] Updated state: MenuSettingItemState(SettingId(value=relay_host), <647611955>)
[83:33:44.626][DEBUG][ka1] Delayed save of 'SettingId(value=relay_host)'
[83:33:45.212][DEBUG][sq3] Send action: MenuSettingItemAction.SetValue(<1960553357>)
[83:33:45.212][DEBUG][sq3] Received action: MenuSettingItemAction.SetValue(<1960553357>)
[83:33:45.212][DEBUG][sq3] Updated state: MenuSettingItemState(SettingId(value=relay_host), <1960553357>)
[83:33:47.215][DEBUG][ka1] Delayed save of 'SettingId(value=relay_host)'
[83:33:55.845][DEBUG][App] Navigating up from org.vpilo.babymonitor.app.navigation.Route.Menu
[83:33:55.845][DEBUG][sq3] Unsubscribed
[83:33:55.846][DEBUG][sq3] Unsubscribed
[83:33:55.846][DEBUG][sq3] Unsubscribed
[83:33:55.846][DEBUG][sq3] Unsubscribed
[83:33:55.846][DEBUG][sq3] Unsubscribed
[83:33:55.847][DEBUG][sq3] Unsubscribed
[83:33:55.847][DEBUG][lq3] Unsubscribed
[83:33:55.847][DEBUG][App] Navigated to: Root -> RootNavGraph -> Onboarding -> CameraPermissionCheck -> ServerHome
[83:33:55.889][DEBUG][di5] Subscribed
[83:33:55.895][INFO][n91] Requested update to AUDIO_AND_VIDEO
[83:33:56.611][WARN][yl6] Renderer was released, creating a new one
[83:33:56.612][DEBUG][yl6] Data source is starting
[83:33:56.612][DEBUG][v70] Initializing with size=1280x720
[83:33:56.617][DEBUG][yl6] Viewfinder attached
[83:33:56.617][DEBUG][v70] Attaching Viewfinder
[83:33:56.617][DEBUG][v70] Created surface for viewfinder: 720x1280
[83:33:56.617][WARN][yl6] FPS range [10, 20] not supported, selecting one from: ([15, 15], 0), ([15, 20], 5), ([20, 20], 10), ([24, 24], 18), ([8, 30], 8), ([10, 30], 10), ([15, 30], 15), ([30, 30], 30)
[83:33:56.617][INFO][yl6] Selected FPS range: [15, 15]
[83:33:56.621][DEBUG][ar1] Got a surface request
[83:33:56.621][DEBUG][ar1] VideoOutput source state: ACTIVE_NON_STREAMING
[83:33:56.623][DEBUG][yl6] Camera bound, sensor=90° sensorResolution=1280x720 content=720x1280
[83:33:57.266][DEBUG][ar1] VideoOutput source state: ACTIVE_STREAMING
[83:34:00.631][DEBUG][yl6] Auto-focus started
[83:34:02.448][WARN][yl6] Auto-focus failed: null
[83:34:02.952][DEBUG][c51] Battery level changed: 67
[83:34:09.152][DEBUG][App] Navigating to Menu from org.vpilo.babymonitor.app.navigation.Route.ServerHome, popUpTo=null
[83:34:09.156][DEBUG][di5] Unsubscribed
[83:34:09.157][DEBUG][App] Navigated to: Root -> RootNavGraph -> Onboarding -> CameraPermissionCheck -> ServerHome -> Menu
[83:34:09.166][DEBUG][yl6] Viewfinder detached
[83:34:09.166][DEBUG][yl6] Data source is stopping
[83:34:09.166][DEBUG][v70] Detaching Viewfinder
[83:34:09.168][DEBUG][ar1] VideoOutput source state: INACTIVE
[83:34:09.175][DEBUG][v70] Releasing
[83:34:09.201][DEBUG][lq3] Subscribed
[83:34:09.201][DEBUG][sq3] Subscribed
[83:34:09.201][DEBUG][sq3] Subscribed
[83:34:09.201][DEBUG][sq3] Subscribed
[83:34:09.203][DEBUG][lq3] Updated state: MenuScreenState(currentRole=SERVER, isConnected=false)
[83:34:09.204][DEBUG][sq3] Updated state: MenuSettingItemState(SettingId(value=device_name), <921888984>)
[83:34:09.204][DEBUG][sq3] Updated state: MenuSettingItemState(SettingId(value=relay_host), <1960553357>)
[83:34:09.204][DEBUG][sq3] Updated state: MenuSettingItemState(SettingId(value=relay_passphrase), <-1117634686>)
[83:34:09.217][WARN][MenuSettingItem] Using Slider for Int setting SettingId(value=silence_detection_threshold) with limits 1.0..5.0
[83:34:09.229][DEBUG][sq3] Subscribed
[83:34:09.230][DEBUG][sq3] Subscribed
[83:34:09.230][DEBUG][sq3] Subscribed
[83:34:09.325][DEBUG][ar1] Surface released
[83:34:12.290][DEBUG][sq3] Send action: MenuSettingItemAction.SetValue(<-286936866>)
[83:34:12.290][DEBUG][sq3] Received action: MenuSettingItemAction.SetValue(<-286936866>)
[83:34:12.290][DEBUG][sq3] Updated state: MenuSettingItemState(SettingId(value=relay_passphrase), <-286936866>)
[83:34:14.291][DEBUG][ka1] Delayed save of 'SettingId(value=relay_passphrase)'
[83:34:22.911][DEBUG][sq3] Send action: MenuSettingItemAction.SetValue(<-1117634686>)
[83:34:22.911][DEBUG][sq3] Received action: MenuSettingItemAction.SetValue(<-1117634686>)
[83:34:22.911][DEBUG][sq3] Updated state: MenuSettingItemState(SettingId(value=relay_passphrase), <-1117634686>)
[83:34:24.912][DEBUG][ka1] Delayed save of 'SettingId(value=relay_passphrase)'
[83:34:25.203][DEBUG][sq3] Unsubscribed
[83:34:25.203][DEBUG][sq3] Unsubscribed
[83:34:25.203][DEBUG][sq3] Unsubscribed
[83:34:25.204][DEBUG][sq3] Unsubscribed
[83:34:25.204][DEBUG][sq3] Unsubscribed
[83:34:25.204][DEBUG][sq3] Unsubscribed
[83:34:25.205][DEBUG][lq3] Unsubscribed
[83:34:25.205][DEBUG][App] Navigated to: Root -> RootNavGraph -> Onboarding -> CameraPermissionCheck -> ServerHome
[83:34:25.224][DEBUG][di5] Subscribed
[83:34:25.230][INFO][n91] Requested update to AUDIO_AND_VIDEO
[83:34:25.935][WARN][yl6] Renderer was released, creating a new one
[83:34:25.935][DEBUG][yl6] Data source is starting
[83:34:25.936][DEBUG][v70] Initializing with size=1280x720
[83:34:25.941][DEBUG][yl6] Viewfinder attached
[83:34:25.941][DEBUG][v70] Attaching Viewfinder
[83:34:25.941][WARN][yl6] FPS range [10, 20] not supported, selecting one from: ([15, 15], 0), ([15, 20], 5), ([20, 20], 10), ([24, 24], 18), ([8, 30], 8), ([10, 30], 10), ([15, 30], 15), ([30, 30], 30)
[83:34:25.941][INFO][yl6] Selected FPS range: [15, 15]
[83:34:25.941][DEBUG][v70] Created surface for viewfinder: 720x1280
[83:34:25.944][DEBUG][ar1] Got a surface request
[83:34:25.944][DEBUG][ar1] VideoOutput source state: ACTIVE_NON_STREAMING
[83:34:25.946][DEBUG][yl6] Camera bound, sensor=90° sensorResolution=1280x720 content=720x1280
[83:34:26.578][DEBUG][ar1] VideoOutput source state: ACTIVE_STREAMING
[83:34:29.953][DEBUG][yl6] Auto-focus started
[83:34:31.822][WARN][yl6] Auto-focus failed: null
[83:34:38.285][DEBUG][App] Navigating to Menu from org.vpilo.babymonitor.app.navigation.Route.ServerHome, popUpTo=null
[83:34:38.287][DEBUG][di5] Unsubscribed
[83:34:38.287][DEBUG][App] Navigated to: Root -> RootNavGraph -> Onboarding -> CameraPermissionCheck -> ServerHome -> Menu
[83:34:38.298][DEBUG][yl6] Viewfinder detached
[83:34:38.298][DEBUG][yl6] Data source is stopping
[83:34:38.298][DEBUG][v70] Detaching Viewfinder
[83:34:38.300][DEBUG][ar1] VideoOutput source state: INACTIVE
[83:34:38.306][DEBUG][v70] Releasing
[83:34:38.334][DEBUG][lq3] Subscribed
[83:34:38.334][DEBUG][sq3] Subscribed
[83:34:38.335][DEBUG][sq3] Subscribed
[83:34:38.335][DEBUG][sq3] Subscribed
[83:34:38.338][DEBUG][lq3] Updated state: MenuScreenState(currentRole=SERVER, isConnected=false)
[83:34:38.338][DEBUG][sq3] Updated state: MenuSettingItemState(SettingId(value=device_name), <921888984>)
[83:34:38.338][DEBUG][sq3] Updated state: MenuSettingItemState(SettingId(value=relay_host), <1960553357>)
[83:34:38.338][DEBUG][sq3] Updated state: MenuSettingItemState(SettingId(value=relay_passphrase), <-1117634686>)
[83:34:38.349][WARN][MenuSettingItem] Using Slider for Int setting SettingId(value=silence_detection_threshold) with limits 1.0..5.0
[83:34:38.361][DEBUG][sq3] Subscribed
[83:34:38.362][DEBUG][sq3] Subscribed
[83:34:38.362][DEBUG][sq3] Subscribed
[83:34:38.430][DEBUG][ar1] Surface released
[83:34:40.756][DEBUG][sq3] Send action: MenuSettingItemAction.SetValue(<-286936866>)
[83:34:40.756][DEBUG][sq3] Received action: MenuSettingItemAction.SetValue(<-286936866>)
[83:34:40.757][DEBUG][sq3] Updated state: MenuSettingItemState(SettingId(value=relay_passphrase), <-286936866>)
[83:34:42.758][DEBUG][ka1] Delayed save of 'SettingId(value=relay_passphrase)'
[83:34:49.592][DEBUG][App] Navigating up from org.vpilo.babymonitor.app.navigation.Route.Menu
[83:34:49.594][DEBUG][sq3] Unsubscribed
[83:34:49.594][DEBUG][sq3] Unsubscribed
[83:34:49.595][DEBUG][sq3] Unsubscribed
[83:34:49.595][DEBUG][sq3] Unsubscribed
[83:34:49.595][DEBUG][sq3] Unsubscribed
[83:34:49.596][DEBUG][sq3] Unsubscribed
[83:34:49.596][DEBUG][lq3] Unsubscribed
[83:34:49.596][DEBUG][App] Navigated to: Root -> RootNavGraph -> Onboarding -> CameraPermissionCheck -> ServerHome
[83:34:49.627][DEBUG][di5] Subscribed
[83:34:49.628][INFO][n91] Requested update to AUDIO_AND_VIDEO
[83:34:50.355][WARN][yl6] Renderer was released, creating a new one
[83:34:50.355][DEBUG][yl6] Data source is starting
[83:34:50.356][DEBUG][v70] Initializing with size=1280x720
[83:34:50.369][DEBUG][yl6] Viewfinder attached
[83:34:50.370][DEBUG][v70] Attaching Viewfinder
[83:34:50.370][DEBUG][v70] Created surface for viewfinder: 720x1280
[83:34:50.370][WARN][yl6] FPS range [10, 20] not supported, selecting one from: ([15, 15], 0), ([15, 20], 5), ([20, 20], 10), ([24, 24], 18), ([8, 30], 8), ([10, 30], 10), ([15, 30], 15), ([30, 30], 30)
[83:34:50.370][INFO][yl6] Selected FPS range: [15, 15]
[83:34:50.375][DEBUG][ar1] Got a surface request
[83:34:50.375][DEBUG][ar1] VideoOutput source state: ACTIVE_NON_STREAMING
[83:34:50.378][DEBUG][yl6] Camera bound, sensor=90° sensorResolution=1280x720 content=720x1280
[83:34:51.070][DEBUG][ar1] VideoOutput source state: ACTIVE_STREAMING
[83:34:54.388][DEBUG][yl6] Auto-focus started
[83:34:56.250][WARN][yl6] Auto-focus failed: null
[83:34:57.181][DEBUG][App] Navigating to Menu from org.vpilo.babymonitor.app.navigation.Route.ServerHome, popUpTo=null
[83:34:57.184][DEBUG][di5] Unsubscribed
[83:34:57.185][DEBUG][App] Navigated to: Root -> RootNavGraph -> Onboarding -> CameraPermissionCheck -> ServerHome -> Menu
[83:34:57.188][DEBUG][yl6] Viewfinder detached
[83:34:57.188][DEBUG][yl6] Data source is stopping
[83:34:57.189][DEBUG][v70] Detaching Viewfinder
[83:34:57.190][DEBUG][ar1] VideoOutput source state: INACTIVE
[83:34:57.197][DEBUG][v70] Releasing
[83:34:57.217][DEBUG][lq3] Subscribed
[83:34:57.217][DEBUG][sq3] Subscribed
[83:34:57.217][DEBUG][sq3] Subscribed
[83:34:57.217][DEBUG][sq3] Subscribed
[83:34:57.219][DEBUG][lq3] Updated state: MenuScreenState(currentRole=SERVER, isConnected=false)
[83:34:57.219][DEBUG][sq3] Updated state: MenuSettingItemState(SettingId(value=device_name), <921888984>)
[83:34:57.219][DEBUG][sq3] Updated state: MenuSettingItemState(SettingId(value=relay_host), <1960553357>)
[83:34:57.219][DEBUG][sq3] Updated state: MenuSettingItemState(SettingId(value=relay_passphrase), <-1117634686>)
[83:34:57.235][WARN][MenuSettingItem] Using Slider for Int setting SettingId(value=silence_detection_threshold) with limits 1.0..5.0
[83:34:57.247][DEBUG][sq3] Subscribed
[83:34:57.247][DEBUG][sq3] Subscribed
[83:34:57.248][DEBUG][sq3] Subscribed
[83:34:57.323][DEBUG][ar1] Surface released
[83:34:59.807][DEBUG][sq3] Send action: MenuSettingItemAction.SetValue(<-286936799>)
[83:34:59.807][DEBUG][sq3] Received action: MenuSettingItemAction.SetValue(<-286936799>)
[83:34:59.807][DEBUG][sq3] Updated state: MenuSettingItemState(SettingId(value=relay_passphrase), <-286936799>)
[83:35:01.777][DEBUG][sq3] Unsubscribed
[83:35:01.778][DEBUG][sq3] Unsubscribed
[83:35:01.778][DEBUG][sq3] Unsubscribed
[83:35:01.778][DEBUG][sq3] Unsubscribed
[83:35:01.778][DEBUG][sq3] Unsubscribed
[83:35:01.779][DEBUG][sq3] Unsubscribed
[83:35:01.779][DEBUG][lq3] Unsubscribed
[83:35:01.779][DEBUG][App] Navigated to: Root -> RootNavGraph -> Onboarding -> CameraPermissionCheck -> ServerHome
[83:35:01.808][DEBUG][ka1] Delayed save of 'SettingId(value=relay_passphrase)'
[83:35:01.808][DEBUG][di5] Subscribed
[83:35:01.813][DEBUG][h15] Connecting to relay at RelayConfiguration(<host 1960553357>, with passphrase) as bh1(1cdd4ca6-9245-4972-96b3-f0c4adec7729, 0 addresses)
[83:35:01.814][INFO][n91] Requested update to AUDIO_AND_VIDEO
[83:35:02.328][WARN][RelayConnection] Relay refused access to /relay/server - check the relay passphrase
[83:35:02.516][WARN][yl6] Renderer was released, creating a new one
[83:35:02.516][DEBUG][yl6] Data source is starting
[83:35:02.517][DEBUG][v70] Initializing with size=1280x720
[83:35:02.523][DEBUG][yl6] Viewfinder attached
[83:35:02.523][DEBUG][v70] Attaching Viewfinder
[83:35:02.523][DEBUG][v70] Created surface for viewfinder: 720x1280
[83:35:02.523][WARN][yl6] FPS range [10, 20] not supported, selecting one from: ([15, 15], 0), ([15, 20], 5), ([20, 20], 10), ([24, 24], 18), ([8, 30], 8), ([10, 30], 10), ([15, 30], 15), ([30, 30], 30)
[83:35:02.523][INFO][yl6] Selected FPS range: [15, 15]
[83:35:02.529][DEBUG][ar1] Got a surface request
[83:35:02.529][DEBUG][ar1] VideoOutput source state: ACTIVE_NON_STREAMING
[83:35:02.530][DEBUG][yl6] Camera bound, sensor=90° sensorResolution=1280x720 content=720x1280
[83:35:03.177][DEBUG][ar1] VideoOutput source state: ACTIVE_STREAMING
[83:35:05.329][DEBUG][h15] Connecting to relay at RelayConfiguration(<host 1960553357>, with passphrase) as bh1(1cdd4ca6-9245-4972-96b3-f0c4adec7729, 0 addresses)
[83:35:05.549][WARN][RelayConnection] Relay refused access to /relay/server - check the relay passphrase
[83:35:06.534][DEBUG][yl6] Auto-focus started
[83:35:08.167][DEBUG][App] Navigating to Menu from org.vpilo.babymonitor.app.navigation.Route.ServerHome, popUpTo=null
[83:35:08.169][DEBUG][di5] Unsubscribed
[83:35:08.169][DEBUG][App] Navigated to: Root -> RootNavGraph -> Onboarding -> CameraPermissionCheck -> ServerHome -> Menu
[83:35:08.180][DEBUG][yl6] Viewfinder detached
[83:35:08.180][DEBUG][yl6] Data source is stopping
[83:35:08.180][WARN][v70] eglSwapBuffers failed: 12299
[83:35:08.180][DEBUG][v70] Detaching Viewfinder
[83:35:08.184][DEBUG][ar1] VideoOutput source state: INACTIVE
[83:35:08.185][WARN][yl6] Auto-focus failed: null
[83:35:08.191][DEBUG][v70] Releasing
[83:35:08.213][DEBUG][lq3] Subscribed
[83:35:08.213][DEBUG][sq3] Subscribed
[83:35:08.213][DEBUG][sq3] Subscribed
[83:35:08.213][DEBUG][sq3] Subscribed
[83:35:08.216][DEBUG][lq3] Updated state: MenuScreenState(currentRole=SERVER, isConnected=false)
[83:35:08.216][DEBUG][sq3] Updated state: MenuSettingItemState(SettingId(value=device_name), <921888984>)
[83:35:08.216][DEBUG][sq3] Updated state: MenuSettingItemState(SettingId(value=relay_host), <1960553357>)
[83:35:08.216][DEBUG][sq3] Updated state: MenuSettingItemState(SettingId(value=relay_passphrase), <-286936799>)
[83:35:08.231][WARN][MenuSettingItem] Using Slider for Int setting SettingId(value=silence_detection_threshold) with limits 1.0..5.0
[83:35:08.243][DEBUG][sq3] Subscribed
[83:35:08.243][DEBUG][sq3] Subscribed
[83:35:08.243][DEBUG][sq3] Subscribed
[83:35:08.297][DEBUG][ar1] Surface released
[83:35:08.553][DEBUG][h15] Connecting to relay at RelayConfiguration(<host 1960553357>, with passphrase) as bh1(1cdd4ca6-9245-4972-96b3-f0c4adec7729, 0 addresses)
[83:35:08.740][WARN][RelayConnection] Relay refused access to /relay/server - check the relay passphrase
[83:35:10.827][DEBUG][sq3] Send action: MenuSettingItemAction.SetValue(<-1117634686>)
[83:35:10.827][DEBUG][sq3] Received action: MenuSettingItemAction.SetValue(<-1117634686>)
[83:35:10.827][DEBUG][sq3] Updated state: MenuSettingItemState(SettingId(value=relay_passphrase), <-1117634686>)
[83:35:11.742][DEBUG][h15] Connecting to relay at RelayConfiguration(<host 1960553357>, with passphrase) as bh1(1cdd4ca6-9245-4972-96b3-f0c4adec7729, 0 addresses)
[83:35:12.420][WARN][RelayConnection] Relay refused access to /relay/server - check the relay passphrase
[83:35:12.543][DEBUG][sq3] Unsubscribed
[83:35:12.544][DEBUG][sq3] Unsubscribed
[83:35:12.544][DEBUG][sq3] Unsubscribed
[83:35:12.544][DEBUG][sq3] Unsubscribed
[83:35:12.545][DEBUG][sq3] Unsubscribed
[83:35:12.545][DEBUG][sq3] Unsubscribed
[83:35:12.545][DEBUG][lq3] Unsubscribed
[83:35:12.545][DEBUG][App] Navigated to: Root -> RootNavGraph -> Onboarding -> CameraPermissionCheck -> ServerHome
[83:35:12.569][DEBUG][di5] Subscribed
[83:35:12.576][INFO][n91] Requested update to AUDIO_AND_VIDEO
[83:35:12.828][DEBUG][ka1] Delayed save of 'SettingId(value=relay_passphrase)'
[83:35:12.836][DEBUG][h15] Connecting to relay at RelayConfiguration(<host 1960553357>, with passphrase) as bh1(1cdd4ca6-9245-4972-96b3-f0c4adec7729, 0 addresses)
[83:35:13.251][DEBUG][h15] WebSocket opened
[83:35:13.251][INFO][h15] Registered with relay as bh1(1cdd4ca6-9245-4972-96b3-f0c4adec7729, 0 addresses)
[83:35:13.252][DEBUG][di5] Updated state: ServerHomeScreenState(onLocalNetwork=true, onRelay=true, hasRelay=true, captureMode=AUDIO_AND_VIDEO)
[83:35:13.277][WARN][yl6] Renderer was released, creating a new one
[83:35:13.279][DEBUG][v70] Initializing with size=1280x720
[83:35:13.279][DEBUG][yl6] Data source is starting
[83:35:13.283][DEBUG][yl6] Viewfinder attached
[83:35:13.283][DEBUG][v70] Attaching Viewfinder
[83:35:13.283][WARN][yl6] FPS range [10, 20] not supported, selecting one from: ([15, 15], 0), ([15, 20], 5), ([20, 20], 10), ([24, 24], 18), ([8, 30], 8), ([10, 30], 10), ([15, 30], 15), ([30, 30], 30)
[83:35:13.283][INFO][yl6] Selected FPS range: [15, 15]
[83:35:13.284][DEBUG][v70] Created surface for viewfinder: 720x1280
[83:35:13.287][DEBUG][ar1] Got a surface request
[83:35:13.287][DEBUG][ar1] VideoOutput source state: ACTIVE_NON_STREAMING
[83:35:13.288][DEBUG][yl6] Camera bound, sensor=90° sensorResolution=1280x720 content=720x1280
[83:35:13.906][DEBUG][ar1] VideoOutput source state: ACTIVE_STREAMING
[83:35:17.296][DEBUG][yl6] Auto-focus started
[83:35:19.157][WARN][yl6] Auto-focus failed: null
[83:36:19.616][INFO][yl6] Device rotation changed: 270°
[83:36:20.563][DEBUG][yl6] Viewfinder detached
[83:36:20.563][DEBUG][yl6] Data source is stopping
[83:36:20.563][DEBUG][v70] Detaching Viewfinder
[83:36:20.573][DEBUG][ar1] VideoOutput source state: INACTIVE
[83:36:20.580][DEBUG][v70] Releasing
[83:36:20.582][DEBUG][lu1] Unsubscribed
[83:36:20.582][DEBUG][di5] Unsubscribed
[83:36:20.701][DEBUG][ar1] Surface released
[83:37:12.156][DEBUG][c51] Signal quality changed: 91
[83:41:04.137][DEBUG][c51] Battery level changed: 68
[83:47:38.664][DEBUG][c51] Battery level changed: 69
[83:54:03.847][DEBUG][c51] Battery level changed: 70
[84:01:54.334][DEBUG][c51] Battery level changed: 71
[84:08:17.553][DEBUG][c51] Battery level changed: 72
[84:12:45.187][DEBUG][c51] Battery level changed: 73
[84:21:13.304][DEBUG][c51] Battery level changed: 74
[84:27:41.210][DEBUG][c51] Battery level changed: 75
[84:33:56.752][DEBUG][c51] Battery level changed: 76
[84:39:57.438][DEBUG][c51] Battery level changed: 77
[84:46:32.749][DEBUG][c51] Battery level changed: 78
[84:52:59.399][DEBUG][c51] Battery level changed: 79
[85:00:00.198][DEBUG][c51] Battery level changed: 80
[85:06:06.997][DEBUG][c51] Battery level changed: 81
[85:12:36.508][DEBUG][c51] Battery level changed: 82
[85:19:03.922][DEBUG][c51] Battery level changed: 83
[85:25:34.246][DEBUG][c51] Battery level changed: 84
[85:29:53.209][DEBUG][c51] Battery level changed: 85
[85:38:26.923][DEBUG][c51] Battery level changed: 86
[85:42:51.102][DEBUG][c51] Battery level changed: 87
[85:49:16.701][DEBUG][c51] Battery level changed: 88
[85:56:21.034][DEBUG][c51] Battery level changed: 89
[86:00:52.843][DEBUG][c51] Battery level changed: 90
[86:02:40.741][DEBUG][c51] Battery level changed: 91
[86:04:34.074][DEBUG][c51] Battery level changed: 92
[86:06:43.217][DEBUG][c51] Battery level changed: 94
[86:08:32.041][DEBUG][c51] Battery level changed: 95
[86:10:20.556][DEBUG][c51] Battery level changed: 96
[86:12:05.926][DEBUG][c51] Battery level changed: 97
[86:14:08.580][DEBUG][c51] Battery level changed: 99
[86:15:49.977][DEBUG][c51] Battery level changed: 100
[87:05:38.005][DEBUG][h15] WebSocket closed normally
[87:05:38.022][DEBUG][di5] Updated state: ServerHomeScreenState(onLocalNetwork=true, onRelay=false, hasRelay=true, captureMode=AUDIO_AND_VIDEO)
[87:05:58.102][DEBUG][h15] Connecting to relay at RelayConfiguration(<host 1960553357>, with passphrase) as bh1(1cdd4ca6-9245-4972-96b3-f0c4adec7729, 0 addresses)
[87:05:58.120][INFO][h15] Relay disconnected: UnresolvedAddressException: No message. Retrying.
[87:06:01.122][DEBUG][h15] Connecting to relay at RelayConfiguration(<host 1960553357>, with passphrase) as bh1(1cdd4ca6-9245-4972-96b3-f0c4adec7729, 0 addresses)
[87:06:01.141][INFO][h15] Relay disconnected: UnresolvedAddressException: No message. Retrying.
[87:06:04.144][DEBUG][h15] Connecting to relay at RelayConfiguration(<host 1960553357>, with passphrase) as bh1(1cdd4ca6-9245-4972-96b3-f0c4adec7729, 0 addresses)
[87:06:04.163][INFO][h15] Relay disconnected: UnresolvedAddressException: No message. Retrying.
[87:06:05.101][DEBUG][c51] Internet availability changed: false
[87:08:20.116][DEBUG][c51] Signal quality changed: -1
[87:08:46.799][DEBUG][c51] Internet availability changed: true
[87:08:46.800][DEBUG][h15] Connecting to relay at RelayConfiguration(<host 1960553357>, with passphrase) as bh1(1cdd4ca6-9245-4972-96b3-f0c4adec7729, 0 addresses)
[87:08:47.174][DEBUG][h15] WebSocket opened
[87:08:47.175][INFO][h15] Registered with relay as bh1(1cdd4ca6-9245-4972-96b3-f0c4adec7729, 0 addresses)
[87:08:47.178][DEBUG][di5] Updated state: ServerHomeScreenState(onLocalNetwork=true, onRelay=true, hasRelay=true, captureMode=AUDIO_AND_VIDEO)
[87:11:18.751][DEBUG][c51] Signal quality changed: 100
[93:22:22.516][DEBUG][NetworkServer-Control] WebSocket opened
[93:22:22.788][DEBUG][NetworkServer-Audio] WebSocket opened
[93:22:22.790][DEBUG][p14] Starting
[93:22:22.927][DEBUG][wp] Audio encoder started
[93:22:22.927][DEBUG][pp] Starting
[93:22:22.928][DEBUG][pp] Starting mic capture
[93:22:23.398][DEBUG][NetworkServer-Video] WebSocket opened
[93:22:23.413][DEBUG][NetworkServer-Video] WebSocket opened
[93:22:23.414][DEBUG][f24] Starting
[93:22:23.414][DEBUG][gm6] Starting, isActive=false
[93:22:23.415][DEBUG][gm6] Frame size updated: 720 x 1280
[93:22:23.416][DEBUG][gm6] Video encoder starting at 720x1280
[93:22:23.612][DEBUG][yl6] Data source is starting
[93:22:23.613][WARN][yl6] Renderer was released, creating a new one
[93:22:23.617][DEBUG][v70] Initializing with size=1280x720
[93:22:23.635][DEBUG][v70] Attaching encoder
[93:22:23.636][WARN][yl6] FPS range [10, 20] not supported, selecting one from: ([15, 15], 0), ([15, 20], 5), ([20, 20], 10), ([24, 24], 18), ([8, 30], 8), ([10, 30], 10), ([15, 30], 15), ([30, 30], 30)
[93:22:23.636][INFO][yl6] Selected FPS range: [15, 15]
[93:22:23.637][DEBUG][v70] Created surface for encoder: 720x1280
[93:22:23.639][DEBUG][yl6] Encoder attached
[93:22:23.654][DEBUG][ar1] Got a surface request
[93:22:23.655][DEBUG][ar1] VideoOutput source state: ACTIVE_NON_STREAMING
[93:22:23.660][DEBUG][yl6] Camera bound, sensor=90° sensorResolution=1280x720 content=720x1280
[93:22:23.829][INFO][yl6] Device rotation changed: 270°
[93:22:24.535][DEBUG][ar1] VideoOutput source state: ACTIVE_STREAMING
[93:22:27.698][DEBUG][yl6] Auto-focus started
[93:22:30.185][DEBUG][yl6] Auto-focus succeeded
[93:25:32.984][INFO][n91] Closed video session
[93:25:32.985][DEBUG][f24] Stopping
[93:25:32.985][DEBUG][gm6] Stopping, isActive=true
[93:25:32.994][DEBUG][yl6] Data source is stopping
[93:25:32.996][DEBUG][ar1] VideoOutput source state: INACTIVE
[93:25:32.998][DEBUG][v70] Detaching encoder
[93:25:33.013][DEBUG][gm6] Video encoder stopped
[93:25:33.016][DEBUG][yl6] Encoder detached
[93:25:33.021][DEBUG][v70] Releasing
[93:25:33.218][DEBUG][ar1] Surface released
[93:37:25.821][DEBUG][NetworkServer-Video] WebSocket opened
[93:37:25.846][DEBUG][NetworkServer-Video] WebSocket opened
[93:37:25.847][DEBUG][f24] Starting
[93:37:25.848][DEBUG][gm6] Starting, isActive=false
[93:37:25.849][DEBUG][gm6] Frame size updated: 720 x 1280
[93:37:25.849][DEBUG][gm6] Video encoder starting at 720x1280
[93:37:26.083][DEBUG][yl6] Data source is starting
[93:37:26.083][WARN][yl6] Renderer was released, creating a new one
[93:37:26.092][DEBUG][v70] Initializing with size=1280x720
[93:37:26.109][DEBUG][v70] Attaching encoder
[93:37:26.112][DEBUG][v70] Created surface for encoder: 720x1280
[93:37:26.113][DEBUG][yl6] Encoder attached
[93:37:26.116][WARN][yl6] FPS range [10, 20] not supported, selecting one from: ([15, 15], 0), ([15, 20], 5), ([20, 20], 10), ([24, 24], 18), ([8, 30], 8), ([10, 30], 10), ([15, 30], 15), ([30, 30], 30)
[93:37:26.116][INFO][yl6] Selected FPS range: [15, 15]
[93:37:26.128][DEBUG][ar1] Got a surface request
[93:37:26.128][DEBUG][ar1] VideoOutput source state: ACTIVE_NON_STREAMING
[93:37:26.132][DEBUG][yl6] Camera bound, sensor=90° sensorResolution=1280x720 content=720x1280
[93:37:26.167][INFO][yl6] Device rotation changed: 270°
[93:37:26.938][DEBUG][ar1] VideoOutput source state: ACTIVE_STREAMING
[93:37:30.150][DEBUG][yl6] Auto-focus started
[93:37:32.856][DEBUG][yl6] Auto-focus succeeded
[93:39:26.084][DEBUG][f24] Stopping
[93:39:26.084][INFO][n91] Closed video session
[93:39:26.084][DEBUG][gm6] Stopping, isActive=true
[93:39:26.100][DEBUG][yl6] Data source is stopping
[93:39:26.102][DEBUG][ar1] VideoOutput source state: INACTIVE
[93:39:26.111][DEBUG][v70] Detaching encoder
[93:39:26.117][DEBUG][gm6] Video encoder stopped
[93:39:26.121][DEBUG][yl6] Encoder detached
[93:39:26.144][DEBUG][v70] Releasing
[93:39:26.287][DEBUG][ar1] Surface released
[93:55:18.808][DEBUG][NetworkServer-Video] WebSocket opened
[93:55:18.829][DEBUG][NetworkServer-Video] WebSocket opened
[93:55:18.831][DEBUG][f24] Starting
[93:55:18.831][DEBUG][gm6] Starting, isActive=false
[93:55:18.832][DEBUG][gm6] Frame size updated: 720 x 1280
[93:55:18.833][DEBUG][gm6] Video encoder starting at 720x1280
[93:55:19.017][DEBUG][yl6] Data source is starting
[93:55:19.019][WARN][yl6] Renderer was released, creating a new one
[93:55:19.023][DEBUG][v70] Initializing with size=1280x720
[93:55:19.042][DEBUG][v70] Attaching encoder
[93:55:19.043][WARN][yl6] FPS range [10, 20] not supported, selecting one from: ([15, 15], 0), ([15, 20], 5), ([20, 20], 10), ([24, 24], 18), ([8, 30], 8), ([10, 30], 10), ([15, 30], 15), ([30, 30], 30)
[93:55:19.043][INFO][yl6] Selected FPS range: [15, 15]
[93:55:19.047][DEBUG][v70] Created surface for encoder: 720x1280
[93:55:19.048][DEBUG][yl6] Encoder attached
[93:55:19.055][DEBUG][ar1] Got a surface request
[93:55:19.055][DEBUG][ar1] VideoOutput source state: ACTIVE_NON_STREAMING
[93:55:19.060][DEBUG][yl6] Camera bound, sensor=90° sensorResolution=1280x720 content=720x1280
[93:55:19.119][INFO][yl6] Device rotation changed: 270°
[93:55:19.848][DEBUG][ar1] VideoOutput source state: ACTIVE_STREAMING
[93:55:23.081][DEBUG][yl6] Auto-focus started
[93:55:25.500][DEBUG][yl6] Auto-focus succeeded
[93:57:19.038][DEBUG][f24] Stopping
[93:57:19.038][DEBUG][gm6] Stopping, isActive=true
[93:57:19.038][INFO][n91] Closed video session
[93:57:19.047][DEBUG][yl6] Data source is stopping
[93:57:19.048][DEBUG][v70] Detaching encoder
[93:57:19.048][DEBUG][ar1] VideoOutput source state: INACTIVE
[93:57:19.050][DEBUG][yl6] Encoder detached
[93:57:19.060][DEBUG][gm6] Video encoder stopped
[93:57:19.084][DEBUG][v70] Releasing
[93:57:19.254][DEBUG][ar1] Surface released
[94:23:50.723][DEBUG][NetworkServer-Video] WebSocket opened
[94:23:50.747][DEBUG][NetworkServer-Video] WebSocket opened
[94:23:50.748][DEBUG][f24] Starting
[94:23:50.748][DEBUG][gm6] Starting, isActive=false
[94:23:50.749][DEBUG][gm6] Frame size updated: 720 x 1280
[94:23:50.750][DEBUG][gm6] Video encoder starting at 720x1280
[94:23:50.941][DEBUG][yl6] Data source is starting
[94:23:50.942][WARN][yl6] Renderer was released, creating a new one
[94:23:50.946][DEBUG][v70] Initializing with size=1280x720
[94:23:50.961][DEBUG][v70] Attaching encoder
[94:23:50.964][WARN][yl6] FPS range [10, 20] not supported, selecting one from: ([15, 15], 0), ([15, 20], 5), ([20, 20], 10), ([24, 24], 18), ([8, 30], 8), ([10, 30], 10), ([15, 30], 15), ([30, 30], 30)
[94:23:50.964][INFO][yl6] Selected FPS range: [15, 15]
[94:23:50.966][DEBUG][v70] Created surface for encoder: 720x1280
[94:23:50.966][DEBUG][yl6] Encoder attached
[94:23:50.973][DEBUG][ar1] Got a surface request
[94:23:50.974][DEBUG][ar1] VideoOutput source state: ACTIVE_NON_STREAMING
[94:23:50.978][DEBUG][yl6] Camera bound, sensor=90° sensorResolution=1280x720 content=720x1280
[94:23:51.049][INFO][yl6] Device rotation changed: 270°
[94:23:51.700][DEBUG][ar1] VideoOutput source state: ACTIVE_STREAMING
[94:23:53.288][DEBUG][f24] Stopping
[94:23:53.288][DEBUG][gm6] Stopping, isActive=true
[94:23:53.290][INFO][n91] Closed video session
[94:23:53.296][DEBUG][yl6] Data source is stopping
[94:23:53.297][DEBUG][v70] Detaching encoder
[94:23:53.300][DEBUG][ar1] VideoOutput source state: INACTIVE
[94:23:53.308][DEBUG][gm6] Video encoder stopped
[94:23:53.313][DEBUG][yl6] Encoder detached
[94:23:53.336][DEBUG][p14] Stopping
[94:23:53.336][INFO][n91] Closed audio session
[94:23:53.338][DEBUG][v70] Releasing
[94:23:53.347][DEBUG][pp] Stopping
[94:23:53.347][DEBUG][pp] Stopping mic capture
[94:23:53.396][DEBUG][pp] Mic capture stopped
[94:23:53.519][DEBUG][ar1] Surface released
[96:31:49.171][DEBUG][NetworkServer-Control] WebSocket opened
[96:31:50.139][DEBUG][NetworkServer-Video] WebSocket opened
[96:31:50.146][DEBUG][NetworkServer-Video] WebSocket opened
[96:31:50.146][DEBUG][f24] Starting
[96:31:50.147][DEBUG][gm6] Starting, isActive=false
[96:31:50.147][DEBUG][gm6] Frame size updated: 720 x 1280
[96:31:50.148][DEBUG][gm6] Video encoder starting at 720x1280
[96:31:50.162][DEBUG][NetworkServer-Audio] WebSocket opened
[96:31:50.166][DEBUG][p14] Starting
[96:31:50.297][DEBUG][wp] Audio encoder started
[96:31:50.298][DEBUG][pp] Starting
[96:31:50.298][DEBUG][pp] Starting mic capture
[96:31:50.310][DEBUG][yl6] Data source is starting
[96:31:50.310][WARN][yl6] Renderer was released, creating a new one
[96:31:50.324][DEBUG][v70] Initializing with size=1280x720
[96:31:50.340][DEBUG][v70] Attaching encoder
[96:31:50.340][WARN][yl6] FPS range [10, 20] not supported, selecting one from: ([15, 15], 0), ([15, 20], 5), ([20, 20], 10), ([24, 24], 18), ([8, 30], 8), ([10, 30], 10), ([15, 30], 15), ([30, 30], 30)
[96:31:50.341][INFO][yl6] Selected FPS range: [15, 15]
[96:31:50.343][DEBUG][v70] Created surface for encoder: 720x1280
[96:31:50.344][DEBUG][yl6] Encoder attached
[96:31:50.352][DEBUG][ar1] Got a surface request
[96:31:50.353][DEBUG][ar1] VideoOutput source state: ACTIVE_NON_STREAMING
[96:31:50.360][DEBUG][yl6] Camera bound, sensor=90° sensorResolution=1280x720 content=720x1280
[96:31:50.417][INFO][yl6] Device rotation changed: 270°
[96:31:51.008][DEBUG][ar1] VideoOutput source state: ACTIVE_STREAMING
[96:31:54.383][DEBUG][yl6] Auto-focus started
[96:31:54.642][DEBUG][f24] Stopping
[96:31:54.642][DEBUG][gm6] Stopping, isActive=true
[96:31:54.646][DEBUG][yl6] Data source is stopping
[96:31:54.648][DEBUG][ar1] VideoOutput source state: INACTIVE
[96:31:54.661][DEBUG][v70] Detaching encoder
[96:31:54.661][WARN][yl6] Auto-focus failed: null
[96:31:54.669][DEBUG][yl6] Encoder detached
[96:31:54.674][DEBUG][gm6] Video encoder stopped
[96:31:54.681][DEBUG][v70] Releasing
[96:31:54.846][DEBUG][ar1] Surface released
[96:31:56.082][DEBUG][p14] Stopping
[96:31:56.091][DEBUG][pp] Stopping
[96:31:56.092][DEBUG][pp] Stopping mic capture
[96:31:56.157][DEBUG][pp] Mic capture stopped
[97:37:20.741][INFO][n91] Closed control session
[97:37:20.996][DEBUG][NetworkServer-Control] WebSocket opened
[97:37:21.172][DEBUG][NetworkServer-Audio] WebSocket opened
[97:37:21.173][DEBUG][p14] Starting
[97:37:21.250][DEBUG][wp] Audio encoder started
[97:37:21.250][DEBUG][pp] Starting
[97:37:21.250][DEBUG][pp] Starting mic capture
[97:37:21.920][DEBUG][NetworkServer-Video] WebSocket opened
[97:37:21.926][DEBUG][NetworkServer-Video] WebSocket opened
[97:37:21.929][DEBUG][f24] Starting
[97:37:21.929][DEBUG][gm6] Starting, isActive=false
[97:37:21.930][DEBUG][gm6] Frame size updated: 720 x 1280
[97:37:21.931][DEBUG][gm6] Video encoder starting at 720x1280
[97:37:22.095][DEBUG][yl6] Data source is starting
[97:37:22.096][WARN][yl6] Renderer was released, creating a new one
[97:37:22.098][DEBUG][v70] Initializing with size=1280x720
[97:37:22.119][DEBUG][v70] Attaching encoder
[97:37:22.120][WARN][yl6] FPS range [10, 20] not supported, selecting one from: ([15, 15], 0), ([15, 20], 5), ([20, 20], 10), ([24, 24], 18), ([8, 30], 8), ([10, 30], 10), ([15, 30], 15), ([30, 30], 30)
[97:37:22.120][INFO][yl6] Selected FPS range: [15, 15]
[97:37:22.127][DEBUG][v70] Created surface for encoder: 720x1280
[97:37:22.128][DEBUG][ar1] Got a surface request
[97:37:22.129][DEBUG][ar1] VideoOutput source state: ACTIVE_NON_STREAMING
[97:37:22.129][DEBUG][yl6] Encoder attached
[97:37:22.141][DEBUG][yl6] Camera bound, sensor=90° sensorResolution=1280x720 content=720x1280
[97:37:22.258][INFO][yl6] Device rotation changed: 270°
[97:37:22.901][DEBUG][ar1] VideoOutput source state: ACTIVE_STREAMING
[97:37:26.165][DEBUG][yl6] Auto-focus started
[97:37:29.150][DEBUG][yl6] Auto-focus succeeded
[97:57:32.002][DEBUG][p14] Stopping
[97:57:32.003][INFO][n91] Closed audio session
[97:57:32.003][DEBUG][pp] Stopping
[97:57:32.004][DEBUG][pp] Stopping mic capture
[97:57:32.053][DEBUG][pp] Mic capture stopped
[97:57:32.923][DEBUG][f24] Stopping
[97:57:32.923][DEBUG][gm6] Stopping, isActive=true
[97:57:32.925][INFO][n91] Closed video session
[97:57:32.931][DEBUG][yl6] Data source is stopping
[97:57:32.932][DEBUG][v70] Detaching encoder
[97:57:32.933][DEBUG][ar1] VideoOutput source state: INACTIVE
[97:57:32.939][DEBUG][yl6] Encoder detached
[97:57:32.940][DEBUG][gm6] Video encoder stopped
[97:57:32.967][DEBUG][v70] Releasing
[97:57:33.156][DEBUG][ar1] Surface released
[98:28:22.140][INFO][n91] Closed control session
[98:28:23.059][DEBUG][NetworkServer-Control] WebSocket opened
[98:28:23.201][DEBUG][NetworkServer-Audio] WebSocket opened
[98:28:23.202][DEBUG][p14] Starting
[98:28:23.270][DEBUG][wp] Audio encoder started
[98:28:23.271][DEBUG][pp] Starting
[98:28:23.272][DEBUG][pp] Starting mic capture
[98:28:23.942][DEBUG][NetworkServer-Video] WebSocket opened
[98:28:23.977][DEBUG][NetworkServer-Video] WebSocket opened
[98:28:23.978][DEBUG][f24] Starting
[98:28:23.979][DEBUG][gm6] Starting, isActive=false
[98:28:23.980][DEBUG][gm6] Frame size updated: 720 x 1280
[98:28:23.980][DEBUG][gm6] Video encoder starting at 720x1280
[98:28:24.155][DEBUG][yl6] Data source is starting
[98:28:24.157][WARN][yl6] Renderer was released, creating a new one
[98:28:24.159][DEBUG][v70] Initializing with size=1280x720
[98:28:24.173][DEBUG][v70] Attaching encoder
[98:28:24.174][WARN][yl6] FPS range [10, 20] not supported, selecting one from: ([15, 15], 0), ([15, 20], 5), ([20, 20], 10), ([24, 24], 18), ([8, 30], 8), ([10, 30], 10), ([15, 30], 15), ([30, 30], 30)
[98:28:24.175][INFO][yl6] Selected FPS range: [15, 15]
[98:28:24.175][DEBUG][v70] Created surface for encoder: 720x1280
[98:28:24.175][DEBUG][yl6] Encoder attached
[98:28:24.184][DEBUG][ar1] Got a surface request
[98:28:24.185][DEBUG][ar1] VideoOutput source state: ACTIVE_NON_STREAMING
[98:28:24.188][DEBUG][yl6] Camera bound, sensor=90° sensorResolution=1280x720 content=720x1280
[98:28:24.371][INFO][yl6] Device rotation changed: 270°
[98:28:24.944][DEBUG][ar1] VideoOutput source state: ACTIVE_STREAMING
[98:28:28.213][DEBUG][yl6] Auto-focus started
[98:28:30.653][DEBUG][yl6] Auto-focus succeeded
[98:44:49.661][DEBUG][f24] Stopping
[98:44:49.661][DEBUG][gm6] Stopping, isActive=true
[98:44:49.662][INFO][n91] Closed video session
[98:44:49.674][DEBUG][yl6] Data source is stopping
[98:44:49.676][DEBUG][ar1] VideoOutput source state: INACTIVE
[98:44:49.681][DEBUG][v70] Detaching encoder
[98:44:49.683][DEBUG][gm6] Video encoder stopped
[98:44:49.688][DEBUG][yl6] Encoder detached
[98:44:49.695][DEBUG][v70] Releasing
[98:44:49.704][DEBUG][p14] Stopping
[98:44:49.705][INFO][n91] Closed audio session
[98:44:49.705][DEBUG][pp] Stopping
[98:44:49.706][DEBUG][pp] Stopping mic capture
[98:44:49.744][DEBUG][pp] Mic capture stopped
[98:44:49.903][DEBUG][ar1] Surface released
[104:14:13.886][DEBUG][NetworkServer-Control] WebSocket opened
[104:14:14.240][DEBUG][NetworkServer-Audio] WebSocket opened
[104:14:14.242][DEBUG][p14] Starting
[104:14:14.320][DEBUG][wp] Audio encoder started
[104:14:14.321][DEBUG][pp] Starting
[104:14:14.322][DEBUG][pp] Starting mic capture
[104:14:15.142][DEBUG][NetworkServer-Video] WebSocket opened
[104:14:15.176][DEBUG][NetworkServer-Video] WebSocket opened
[104:14:15.177][DEBUG][f24] Starting
[104:14:15.177][DEBUG][gm6] Starting, isActive=false
[104:14:15.178][DEBUG][gm6] Frame size updated: 720 x 1280
[104:14:15.178][DEBUG][gm6] Video encoder starting at 720x1280
[104:14:15.324][DEBUG][yl6] Data source is starting
[104:14:15.325][WARN][yl6] Renderer was released, creating a new one
[104:14:15.328][DEBUG][v70] Initializing with size=1280x720
[104:14:15.342][DEBUG][v70] Attaching encoder
[104:14:15.344][DEBUG][v70] Created surface for encoder: 720x1280
[104:14:15.345][WARN][yl6] FPS range [10, 20] not supported, selecting one from: ([15, 15], 0), ([15, 20], 5), ([20, 20], 10), ([24, 24], 18), ([8, 30], 8), ([10, 30], 10), ([15, 30], 15), ([30, 30], 30)
[104:14:15.345][INFO][yl6] Selected FPS range: [15, 15]
[104:14:15.345][DEBUG][yl6] Encoder attached
[104:14:15.355][DEBUG][ar1] Got a surface request
[104:14:15.356][DEBUG][ar1] VideoOutput source state: ACTIVE_NON_STREAMING
[104:14:15.361][DEBUG][yl6] Camera bound, sensor=90° sensorResolution=1280x720 content=720x1280
[104:14:15.475][INFO][yl6] Device rotation changed: 270°
[104:14:16.093][DEBUG][ar1] VideoOutput source state: ACTIVE_STREAMING
[104:14:19.383][DEBUG][yl6] Auto-focus started
[104:14:21.675][DEBUG][yl6] Auto-focus succeeded
[104:14:30.634][INFO][n91] Closed video session
[104:14:30.635][DEBUG][f24] Stopping
[104:14:30.636][DEBUG][gm6] Stopping, isActive=true
[104:14:30.649][DEBUG][yl6] Data source is stopping
[104:14:30.650][DEBUG][ar1] VideoOutput source state: INACTIVE
[104:14:30.652][DEBUG][v70] Detaching encoder
[104:14:30.660][DEBUG][gm6] Video encoder stopped
[104:14:30.662][DEBUG][yl6] Encoder detached
[104:14:30.682][DEBUG][v70] Releasing
[104:14:30.876][DEBUG][ar1] Surface released
[104:15:03.557][DEBUG][NetworkServer-Video] WebSocket opened
[104:15:03.583][DEBUG][NetworkServer-Video] WebSocket opened
[104:15:03.586][DEBUG][f24] Starting
[104:15:03.586][DEBUG][gm6] Starting, isActive=false
[104:15:03.587][DEBUG][gm6] Frame size updated: 720 x 1280
[104:15:03.588][DEBUG][gm6] Video encoder starting at 720x1280
[104:15:03.765][DEBUG][yl6] Data source is starting
[104:15:03.765][WARN][yl6] Renderer was released, creating a new one
[104:15:03.772][DEBUG][v70] Initializing with size=1280x720
[104:15:03.786][DEBUG][v70] Attaching encoder
[104:15:03.788][WARN][yl6] FPS range [10, 20] not supported, selecting one from: ([15, 15], 0), ([15, 20], 5), ([20, 20], 10), ([24, 24], 18), ([8, 30], 8), ([10, 30], 10), ([15, 30], 15), ([30, 30], 30)
[104:15:03.788][INFO][yl6] Selected FPS range: [15, 15]
[104:15:03.788][DEBUG][v70] Created surface for encoder: 720x1280
[104:15:03.788][DEBUG][yl6] Encoder attached
[104:15:03.797][DEBUG][ar1] Got a surface request
[104:15:03.797][DEBUG][ar1] VideoOutput source state: ACTIVE_NON_STREAMING
[104:15:03.801][DEBUG][yl6] Camera bound, sensor=90° sensorResolution=1280x720 content=720x1280
[104:15:03.894][INFO][yl6] Device rotation changed: 270°
[104:15:04.572][DEBUG][ar1] VideoOutput source state: ACTIVE_STREAMING
[104:15:07.838][DEBUG][yl6] Auto-focus started
[104:15:10.281][DEBUG][yl6] Auto-focus succeeded
[104:15:48.405][DEBUG][f24] Stopping
[104:15:48.406][DEBUG][gm6] Stopping, isActive=true
[104:15:48.407][INFO][n91] Closed video session
[104:15:48.408][DEBUG][yl6] Data source is stopping
[104:15:48.410][DEBUG][v70] Detaching encoder
[104:15:48.414][DEBUG][yl6] Encoder detached
[104:15:48.416][DEBUG][gm6] Video encoder stopped
[104:15:48.417][DEBUG][ar1] VideoOutput source state: INACTIVE
[104:15:48.440][DEBUG][v70] Releasing
[104:15:48.595][DEBUG][ar1] Surface released
[104:17:29.003][DEBUG][NetworkServer-Video] WebSocket opened
[104:17:29.027][DEBUG][NetworkServer-Video] WebSocket opened
[104:17:29.033][DEBUG][f24] Starting
[104:17:29.033][DEBUG][gm6] Starting, isActive=false
[104:17:29.035][DEBUG][gm6] Frame size updated: 720 x 1280
[104:17:29.035][DEBUG][gm6] Video encoder starting at 720x1280
[104:17:29.225][WARN][yl6] Renderer was released, creating a new one
[104:17:29.225][DEBUG][yl6] Data source is starting
[104:17:29.228][DEBUG][v70] Initializing with size=1280x720
[104:17:29.243][DEBUG][v70] Attaching encoder
[104:17:29.243][WARN][yl6] FPS range [10, 20] not supported, selecting one from: ([15, 15], 0), ([15, 20], 5), ([20, 20], 10), ([24, 24], 18), ([8, 30], 8), ([10, 30], 10), ([15, 30], 15), ([30, 30], 30)
[104:17:29.243][INFO][yl6] Selected FPS range: [15, 15]
[104:17:29.249][DEBUG][v70] Created surface for encoder: 720x1280
[104:17:29.249][DEBUG][yl6] Encoder attached
[104:17:29.255][DEBUG][ar1] Got a surface request
[104:17:29.256][DEBUG][ar1] VideoOutput source state: ACTIVE_NON_STREAMING
[104:17:29.260][DEBUG][yl6] Camera bound, sensor=90° sensorResolution=1280x720 content=720x1280
[104:17:29.329][INFO][yl6] Device rotation changed: 270°
[104:17:30.063][DEBUG][ar1] VideoOutput source state: ACTIVE_STREAMING
[104:17:33.290][DEBUG][yl6] Auto-focus started
[104:17:36.172][WARN][yl6] Auto-focus failed: null
[104:19:29.033][DEBUG][f24] Stopping
[104:19:29.034][DEBUG][gm6] Stopping, isActive=true
[104:19:29.035][INFO][n91] Closed video session
[104:19:29.037][DEBUG][yl6] Data source is stopping
[104:19:29.039][DEBUG][v70] Detaching encoder
[104:19:29.041][DEBUG][ar1] VideoOutput source state: INACTIVE
[104:19:29.048][DEBUG][yl6] Encoder detached
[104:19:29.052][DEBUG][gm6] Video encoder stopped
[104:19:29.055][DEBUG][v70] Releasing
[104:19:29.230][DEBUG][ar1] Surface released
[104:24:02.615][DEBUG][NetworkServer-Video] WebSocket opened
[104:24:02.648][DEBUG][NetworkServer-Video] WebSocket opened
[104:24:02.649][DEBUG][f24] Starting
[104:24:02.649][DEBUG][gm6] Starting, isActive=false
[104:24:02.651][DEBUG][gm6] Frame size updated: 720 x 1280
[104:24:02.651][DEBUG][gm6] Video encoder starting at 720x1280
[104:24:02.820][DEBUG][yl6] Data source is starting
[104:24:02.821][WARN][yl6] Renderer was released, creating a new one
[104:24:02.826][DEBUG][v70] Initializing with size=1280x720
[104:24:02.848][DEBUG][v70] Attaching encoder
[104:24:02.848][WARN][yl6] FPS range [10, 20] not supported, selecting one from: ([15, 15], 0), ([15, 20], 5), ([20, 20], 10), ([24, 24], 18), ([8, 30], 8), ([10, 30], 10), ([15, 30], 15), ([30, 30], 30)
[104:24:02.848][INFO][yl6] Selected FPS range: [15, 15]
[104:24:02.854][DEBUG][v70] Created surface for encoder: 720x1280
[104:24:02.854][DEBUG][yl6] Encoder attached
[104:24:02.859][DEBUG][ar1] Got a surface request
[104:24:02.860][DEBUG][ar1] VideoOutput source state: ACTIVE_NON_STREAMING
[104:24:02.863][DEBUG][yl6] Camera bound, sensor=90° sensorResolution=1280x720 content=720x1280
[104:24:02.979][INFO][yl6] Device rotation changed: 270°
[104:24:03.589][DEBUG][ar1] VideoOutput source state: ACTIVE_STREAMING
[104:24:04.100][DEBUG][f24] Stopping
[104:24:04.100][DEBUG][gm6] Stopping, isActive=true
[104:24:04.101][INFO][n91] Closed video session
[104:24:04.112][DEBUG][yl6] Data source is stopping
[104:24:04.114][DEBUG][ar1] VideoOutput source state: INACTIVE
[104:24:04.118][DEBUG][v70] Detaching encoder
[104:24:04.123][DEBUG][yl6] Encoder detached
[104:24:04.129][DEBUG][gm6] Video encoder stopped
[104:24:04.130][DEBUG][v70] Releasing
[104:24:04.286][DEBUG][ar1] Surface released
[104:26:58.221][DEBUG][NetworkServer-Video] WebSocket opened
[104:26:58.256][DEBUG][NetworkServer-Video] WebSocket opened
[104:26:58.257][DEBUG][f24] Starting
[104:26:58.257][DEBUG][gm6] Starting, isActive=false
[104:26:58.258][DEBUG][gm6] Frame size updated: 720 x 1280
[104:26:58.258][DEBUG][gm6] Video encoder starting at 720x1280
[104:26:58.471][DEBUG][yl6] Data source is starting
[104:26:58.472][WARN][yl6] Renderer was released, creating a new one
[104:26:58.480][DEBUG][v70] Initializing with size=1280x720
[104:26:58.495][WARN][yl6] FPS range [10, 20] not supported, selecting one from: ([15, 15], 0), ([15, 20], 5), ([20, 20], 10), ([24, 24], 18), ([8, 30], 8), ([10, 30], 10), ([15, 30], 15), ([30, 30], 30)
[104:26:58.495][INFO][yl6] Selected FPS range: [15, 15]
[104:26:58.501][DEBUG][v70] Attaching encoder
[104:26:58.505][DEBUG][v70] Created surface for encoder: 720x1280
[104:26:58.505][DEBUG][yl6] Encoder attached
[104:26:58.507][DEBUG][ar1] Got a surface request
[104:26:58.508][DEBUG][ar1] VideoOutput source state: ACTIVE_NON_STREAMING
[104:26:58.511][DEBUG][yl6] Camera bound, sensor=90° sensorResolution=1280x720 content=720x1280
[104:26:58.655][INFO][yl6] Device rotation changed: 270°
[104:26:59.275][DEBUG][ar1] VideoOutput source state: ACTIVE_STREAMING
[104:27:02.541][DEBUG][yl6] Auto-focus started
[104:27:05.052][DEBUG][yl6] Auto-focus succeeded
[104:28:48.323][DEBUG][f24] Stopping
[104:28:48.323][DEBUG][gm6] Stopping, isActive=true
[104:28:48.326][INFO][n91] Closed video session
[104:28:48.333][DEBUG][yl6] Data source is stopping
[104:28:48.335][DEBUG][ar1] VideoOutput source state: INACTIVE
[104:28:48.348][DEBUG][v70] Detaching encoder
[104:28:48.352][DEBUG][v70] Releasing
[104:28:48.358][DEBUG][gm6] Video encoder stopped
[104:28:48.365][DEBUG][yl6] Encoder detached
[104:28:48.563][DEBUG][ar1] Surface released
[104:37:26.017][DEBUG][NetworkServer-Video] WebSocket opened
[104:37:26.044][DEBUG][NetworkServer-Video] WebSocket opened
[104:37:26.045][DEBUG][f24] Starting
[104:37:26.045][DEBUG][gm6] Starting, isActive=false
[104:37:26.048][DEBUG][gm6] Frame size updated: 720 x 1280
[104:37:26.049][DEBUG][gm6] Video encoder starting at 720x1280
[104:37:26.226][DEBUG][yl6] Data source is starting
[104:37:26.227][WARN][yl6] Renderer was released, creating a new one
[104:37:26.229][DEBUG][v70] Initializing with size=1280x720
[104:37:26.246][DEBUG][v70] Attaching encoder
[104:37:26.247][WARN][yl6] FPS range [10, 20] not supported, selecting one from: ([15, 15], 0), ([15, 20], 5), ([20, 20], 10), ([24, 24], 18), ([8, 30], 8), ([10, 30], 10), ([15, 30], 15), ([30, 30], 30)
[104:37:26.247][INFO][yl6] Selected FPS range: [15, 15]
[104:37:26.249][DEBUG][v70] Created surface for encoder: 720x1280
[104:37:26.250][DEBUG][yl6] Encoder attached
[104:37:26.256][DEBUG][ar1] Got a surface request
[104:37:26.257][DEBUG][ar1] VideoOutput source state: ACTIVE_NON_STREAMING
[104:37:26.260][DEBUG][yl6] Camera bound, sensor=90° sensorResolution=1280x720 content=720x1280
[104:37:26.298][INFO][yl6] Device rotation changed: 270°
[104:37:27.014][DEBUG][ar1] VideoOutput source state: ACTIVE_STREAMING
[104:37:30.280][DEBUG][yl6] Auto-focus started
[104:37:30.533][DEBUG][f24] Stopping
[104:37:30.533][DEBUG][gm6] Stopping, isActive=true
[104:37:30.535][INFO][n91] Closed video session
[104:37:30.540][DEBUG][yl6] Data source is stopping
[104:37:30.540][DEBUG][v70] Detaching encoder
[104:37:30.542][DEBUG][ar1] VideoOutput source state: INACTIVE
[104:37:30.551][WARN][yl6] Auto-focus failed: null
[104:37:30.563][DEBUG][v70] Releasing
[104:37:30.565][DEBUG][gm6] Video encoder stopped
[104:37:30.575][DEBUG][yl6] Encoder detached
[104:37:30.786][DEBUG][ar1] Surface released
[105:17:17.490][DEBUG][NetworkServer-Video] WebSocket opened
[105:17:17.513][DEBUG][NetworkServer-Video] WebSocket opened
[105:17:17.514][DEBUG][f24] Starting
[105:17:17.514][DEBUG][gm6] Starting, isActive=false
[105:17:17.516][DEBUG][gm6] Frame size updated: 720 x 1280
[105:17:17.516][DEBUG][gm6] Video encoder starting at 720x1280
[105:17:17.697][WARN][yl6] Renderer was released, creating a new one
[105:17:17.697][DEBUG][yl6] Data source is starting
[105:17:17.699][DEBUG][v70] Initializing with size=1280x720
[105:17:17.719][DEBUG][v70] Attaching encoder
[105:17:17.719][WARN][yl6] FPS range [10, 20] not supported, selecting one from: ([15, 15], 0), ([15, 20], 5), ([20, 20], 10), ([24, 24], 18), ([8, 30], 8), ([10, 30], 10), ([15, 30], 15), ([30, 30], 30)
[105:17:17.719][INFO][yl6] Selected FPS range: [15, 15]
[105:17:17.723][DEBUG][v70] Created surface for encoder: 720x1280
[105:17:17.725][DEBUG][yl6] Encoder attached
[105:17:17.731][DEBUG][ar1] Got a surface request
[105:17:17.732][DEBUG][ar1] VideoOutput source state: ACTIVE_NON_STREAMING
[105:17:17.741][DEBUG][yl6] Camera bound, sensor=90° sensorResolution=1280x720 content=720x1280
[105:17:17.896][INFO][yl6] Device rotation changed: 270°
[105:17:18.433][DEBUG][ar1] VideoOutput source state: ACTIVE_STREAMING
[105:17:19.398][DEBUG][f24] Stopping
[105:17:19.398][DEBUG][gm6] Stopping, isActive=true
[105:17:19.400][DEBUG][yl6] Data source is stopping
[105:17:19.402][DEBUG][ar1] VideoOutput source state: INACTIVE
[105:17:19.402][INFO][n91] Closed video session
[105:17:19.409][DEBUG][v70] Detaching encoder
[105:17:19.414][DEBUG][gm6] Video encoder stopped
[105:17:19.433][DEBUG][yl6] Encoder detached
[105:17:19.435][DEBUG][v70] Releasing
[105:17:19.590][DEBUG][ar1] Surface released
[105:17:21.608][DEBUG][NetworkServer-Video] WebSocket opened
[105:17:21.638][DEBUG][NetworkServer-Video] WebSocket opened
[105:17:21.640][DEBUG][f24] Starting
[105:17:21.641][DEBUG][gm6] Starting, isActive=false
[105:17:21.642][DEBUG][gm6] Frame size updated: 720 x 1280
[105:17:21.643][DEBUG][gm6] Video encoder starting at 720x1280
[105:17:21.811][WARN][yl6] Renderer was released, creating a new one
[105:17:21.812][DEBUG][yl6] Data source is starting
[105:17:21.813][DEBUG][v70] Initializing with size=1280x720
[105:17:21.829][DEBUG][v70] Attaching encoder
[105:17:21.831][WARN][yl6] FPS range [10, 20] not supported, selecting one from: ([15, 15], 0), ([15, 20], 5), ([20, 20], 10), ([24, 24], 18), ([8, 30], 8), ([10, 30], 10), ([15, 30], 15), ([30, 30], 30)
[105:17:21.831][INFO][yl6] Selected FPS range: [15, 15]
[105:17:21.832][DEBUG][v70] Created surface for encoder: 720x1280
[105:17:21.832][DEBUG][yl6] Encoder attached
[105:17:21.843][DEBUG][ar1] Got a surface request
[105:17:21.843][DEBUG][ar1] VideoOutput source state: ACTIVE_NON_STREAMING
[105:17:21.848][DEBUG][yl6] Camera bound, sensor=90° sensorResolution=1280x720 content=720x1280
[105:17:22.037][INFO][yl6] Device rotation changed: 270°
[105:17:22.595][DEBUG][ar1] VideoOutput source state: ACTIVE_STREAMING
[105:17:25.867][DEBUG][yl6] Auto-focus started
[105:17:28.241][DEBUG][yl6] Auto-focus succeeded
[105:17:50.177][DEBUG][f24] Stopping
[105:17:50.177][INFO][n91] Closed video session
[105:17:50.177][DEBUG][gm6] Stopping, isActive=true
[105:17:50.180][DEBUG][yl6] Data source is stopping
[105:17:50.181][DEBUG][ar1] VideoOutput source state: INACTIVE
[105:17:50.181][DEBUG][v70] Detaching encoder
[105:17:50.192][DEBUG][gm6] Video encoder stopped
[105:17:50.209][DEBUG][yl6] Encoder detached
[105:17:50.212][DEBUG][v70] Releasing
[105:17:50.360][DEBUG][ar1] Surface released
[105:17:58.697][DEBUG][NetworkServer-Video] WebSocket opened
[105:17:58.734][DEBUG][NetworkServer-Video] WebSocket opened
[105:17:58.734][DEBUG][f24] Starting
[105:17:58.735][DEBUG][gm6] Starting, isActive=false
[105:17:58.736][DEBUG][gm6] Frame size updated: 720 x 1280
[105:17:58.736][DEBUG][gm6] Video encoder starting at 720x1280
[105:17:58.925][DEBUG][yl6] Data source is starting
[105:17:58.925][WARN][yl6] Renderer was released, creating a new one
[105:17:58.928][DEBUG][v70] Initializing with size=1280x720
[105:17:58.948][DEBUG][v70] Attaching encoder
[105:17:58.948][WARN][yl6] FPS range [10, 20] not supported, selecting one from: ([15, 15], 0), ([15, 20], 5), ([20, 20], 10), ([24, 24], 18), ([8, 30], 8), ([10, 30], 10), ([15, 30], 15), ([30, 30], 30)
[105:17:58.948][INFO][yl6] Selected FPS range: [15, 15]
[105:17:58.951][DEBUG][v70] Created surface for encoder: 720x1280
[105:17:58.952][DEBUG][yl6] Encoder attached
[105:17:58.960][DEBUG][ar1] Got a surface request
[105:17:58.961][DEBUG][ar1] VideoOutput source state: ACTIVE_NON_STREAMING
[105:17:58.966][DEBUG][yl6] Camera bound, sensor=90° sensorResolution=1280x720 content=720x1280
[105:17:59.114][INFO][yl6] Device rotation changed: 270°
[105:17:59.588][DEBUG][f24] Stopping
[105:17:59.588][DEBUG][gm6] Stopping, isActive=true
[105:17:59.589][INFO][n91] Closed video session
[105:17:59.602][DEBUG][yl6] Data source is stopping
[105:17:59.602][DEBUG][v70] Detaching encoder
[105:17:59.603][DEBUG][ar1] VideoOutput source state: INACTIVE
[105:17:59.605][DEBUG][yl6] Encoder detached
[105:17:59.609][DEBUG][gm6] Video encoder stopped
[105:17:59.613][DEBUG][v70] Releasing
[105:17:59.819][DEBUG][ar1] Surface released
[105:53:04.914][INFO][n91] Closed control session
[105:53:05.668][DEBUG][NetworkServer-Control] WebSocket opened
[105:53:05.814][DEBUG][NetworkServer-Audio] WebSocket opened
[105:53:06.780][DEBUG][NetworkServer-Video] WebSocket opened
[105:53:06.814][DEBUG][NetworkServer-Video] WebSocket opened
[105:53:06.816][DEBUG][f24] Starting
[105:53:06.817][DEBUG][gm6] Starting, isActive=false
[105:53:06.818][DEBUG][gm6] Frame size updated: 720 x 1280
[105:53:06.818][DEBUG][gm6] Video encoder starting at 720x1280
[105:53:06.961][DEBUG][yl6] Data source is starting
[105:53:06.962][WARN][yl6] Renderer was released, creating a new one
[105:53:06.964][DEBUG][v70] Initializing with size=1280x720
[105:53:06.983][DEBUG][v70] Attaching encoder
[105:53:06.985][WARN][yl6] FPS range [10, 20] not supported, selecting one from: ([15, 15], 0), ([15, 20], 5), ([20, 20], 10), ([24, 24], 18), ([8, 30], 8), ([10, 30], 10), ([15, 30], 15), ([30, 30], 30)
[105:53:06.985][INFO][yl6] Selected FPS range: [15, 15]
[105:53:06.989][DEBUG][v70] Created surface for encoder: 720x1280
[105:53:06.989][DEBUG][yl6] Encoder attached
[105:53:06.996][DEBUG][ar1] Got a surface request
[105:53:06.997][DEBUG][ar1] VideoOutput source state: ACTIVE_NON_STREAMING
[105:53:07.001][DEBUG][yl6] Camera bound, sensor=90° sensorResolution=1280x720 content=720x1280
[105:53:07.042][INFO][yl6] Device rotation changed: 270°
[105:53:07.774][DEBUG][ar1] VideoOutput source state: ACTIVE_STREAMING
[105:53:11.029][DEBUG][yl6] Auto-focus started
[105:53:13.222][DEBUG][yl6] Auto-focus succeeded
[105:53:31.398][INFO][n91] Closed video session
[105:53:31.399][DEBUG][f24] Stopping
[105:53:31.399][DEBUG][gm6] Stopping, isActive=true
[105:53:31.413][DEBUG][yl6] Data source is stopping
[105:53:31.416][DEBUG][ar1] VideoOutput source state: INACTIVE
[105:53:31.432][INFO][n91] Closed audio session
[105:53:31.433][DEBUG][gm6] Video encoder stopped
[105:53:31.436][DEBUG][v70] Detaching encoder
[105:53:31.442][DEBUG][yl6] Encoder detached
[105:53:31.444][DEBUG][v70] Releasing
[105:53:31.610][DEBUG][ar1] Surface released
[105:56:44.480][DEBUG][NetworkServer-Video] WebSocket opened
[105:56:44.514][DEBUG][NetworkServer-Video] WebSocket opened
[105:56:44.515][DEBUG][f24] Starting
[105:56:44.516][DEBUG][gm6] Starting, isActive=false
[105:56:44.517][DEBUG][gm6] Frame size updated: 720 x 1280
[105:56:44.518][DEBUG][gm6] Video encoder starting at 720x1280
[105:56:44.732][WARN][yl6] Renderer was released, creating a new one
[105:56:44.732][DEBUG][yl6] Data source is starting
[105:56:44.738][DEBUG][v70] Initializing with size=1280x720
[105:56:44.753][DEBUG][v70] Attaching encoder
[105:56:44.754][WARN][yl6] FPS range [10, 20] not supported, selecting one from: ([15, 15], 0), ([15, 20], 5), ([20, 20], 10), ([24, 24], 18), ([8, 30], 8), ([10, 30], 10), ([15, 30], 15), ([30, 30], 30)
[105:56:44.754][INFO][yl6] Selected FPS range: [15, 15]
[105:56:44.755][DEBUG][v70] Created surface for encoder: 720x1280
[105:56:44.757][DEBUG][yl6] Encoder attached
[105:56:44.764][DEBUG][ar1] Got a surface request
[105:56:44.764][DEBUG][ar1] VideoOutput source state: ACTIVE_NON_STREAMING
[105:56:44.767][DEBUG][yl6] Camera bound, sensor=90° sensorResolution=1280x720 content=720x1280
[105:56:44.836][INFO][yl6] Device rotation changed: 270°
[105:56:45.535][DEBUG][ar1] VideoOutput source state: ACTIVE_STREAMING
[105:56:48.797][DEBUG][yl6] Auto-focus started
[105:56:51.909][DEBUG][yl6] Auto-focus succeeded
[105:58:12.088][DEBUG][f24] Stopping
[105:58:12.088][DEBUG][gm6] Stopping, isActive=true
[105:58:12.087][INFO][n91] Closed video session
[105:58:12.098][DEBUG][yl6] Data source is stopping
[105:58:12.100][DEBUG][v70] Detaching encoder
[105:58:12.101][DEBUG][ar1] VideoOutput source state: INACTIVE
[105:58:12.115][DEBUG][gm6] Video encoder stopped
[105:58:12.116][DEBUG][yl6] Encoder detached
[105:58:12.129][DEBUG][v70] Releasing
[105:58:12.302][DEBUG][ar1] Surface released
[105:58:24.748][DEBUG][NetworkServer-Video] WebSocket opened
[105:58:24.782][DEBUG][NetworkServer-Video] WebSocket opened
[105:58:24.785][DEBUG][f24] Starting
[105:58:24.785][DEBUG][gm6] Starting, isActive=false
[105:58:24.786][DEBUG][gm6] Frame size updated: 720 x 1280
[105:58:24.786][DEBUG][gm6] Video encoder starting at 720x1280
[105:58:24.909][DEBUG][yl6] Data source is starting
[105:58:24.909][WARN][yl6] Renderer was released, creating a new one
[105:58:24.917][DEBUG][v70] Initializing with size=1280x720
[105:58:24.934][DEBUG][v70] Attaching encoder
[105:58:24.935][WARN][yl6] FPS range [10, 20] not supported, selecting one from: ([15, 15], 0), ([15, 20], 5), ([20, 20], 10), ([24, 24], 18), ([8, 30], 8), ([10, 30], 10), ([15, 30], 15), ([30, 30], 30)
[105:58:24.935][INFO][yl6] Selected FPS range: [15, 15]
[105:58:24.938][DEBUG][v70] Created surface for encoder: 720x1280
[105:58:24.939][DEBUG][yl6] Encoder attached
[105:58:24.946][DEBUG][ar1] Got a surface request
[105:58:24.946][DEBUG][ar1] VideoOutput source state: ACTIVE_NON_STREAMING
[105:58:24.950][DEBUG][yl6] Camera bound, sensor=90° sensorResolution=1280x720 content=720x1280
[105:58:25.092][INFO][yl6] Device rotation changed: 270°
[105:58:25.691][DEBUG][ar1] VideoOutput source state: ACTIVE_STREAMING
[105:58:26.277][DEBUG][f24] Stopping
[105:58:26.277][DEBUG][gm6] Stopping, isActive=true
[105:58:26.278][INFO][n91] Closed video session
[105:58:26.282][DEBUG][yl6] Data source is stopping
[105:58:26.282][DEBUG][v70] Detaching encoder
[105:58:26.284][DEBUG][ar1] VideoOutput source state: INACTIVE
[105:58:26.288][DEBUG][yl6] Encoder detached
[105:58:26.292][DEBUG][gm6] Video encoder stopped
[105:58:26.306][DEBUG][v70] Releasing
[105:58:26.525][DEBUG][ar1] Surface released
[105:58:29.178][DEBUG][NetworkServer-Video] WebSocket opened
[105:58:29.218][DEBUG][NetworkServer-Video] WebSocket opened
[105:58:29.218][DEBUG][f24] Starting
[105:58:29.219][DEBUG][gm6] Starting, isActive=false
[105:58:29.220][DEBUG][gm6] Frame size updated: 720 x 1280
[105:58:29.220][DEBUG][gm6] Video encoder starting at 720x1280
[105:58:29.392][WARN][yl6] Renderer was released, creating a new one
[105:58:29.392][DEBUG][yl6] Data source is starting
[105:58:29.394][DEBUG][v70] Initializing with size=1280x720
[105:58:29.406][DEBUG][v70] Attaching encoder
[105:58:29.408][DEBUG][v70] Created surface for encoder: 720x1280
[105:58:29.409][DEBUG][yl6] Encoder attached
[105:58:29.415][WARN][yl6] FPS range [10, 20] not supported, selecting one from: ([15, 15], 0), ([15, 20], 5), ([20, 20], 10), ([24, 24], 18), ([8, 30], 8), ([10, 30], 10), ([15, 30], 15), ([30, 30], 30)
[105:58:29.415][INFO][yl6] Selected FPS range: [15, 15]
[105:58:29.422][DEBUG][ar1] Got a surface request
[105:58:29.423][DEBUG][ar1] VideoOutput source state: ACTIVE_NON_STREAMING
[105:58:29.426][DEBUG][yl6] Camera bound, sensor=90° sensorResolution=1280x720 content=720x1280
[105:58:29.592][INFO][yl6] Device rotation changed: 270°
[105:58:30.167][DEBUG][ar1] VideoOutput source state: ACTIVE_STREAMING
[105:58:31.093][DEBUG][f24] Stopping
[105:58:31.094][DEBUG][gm6] Stopping, isActive=true
[105:58:31.098][INFO][n91] Closed video session
[105:58:31.108][DEBUG][v70] Detaching encoder
[105:58:31.109][DEBUG][yl6] Data source is stopping
[105:58:31.110][DEBUG][yl6] Encoder detached
[105:58:31.111][DEBUG][ar1] VideoOutput source state: INACTIVE
[105:58:31.123][DEBUG][gm6] Video encoder stopped
[105:58:31.134][DEBUG][v70] Releasing
[105:58:31.345][DEBUG][ar1] Surface released
[105:58:33.083][DEBUG][NetworkServer-Video] WebSocket opened
[105:58:33.114][DEBUG][NetworkServer-Video] WebSocket opened
[105:58:33.116][DEBUG][f24] Starting
[105:58:33.117][DEBUG][gm6] Starting, isActive=false
[105:58:33.118][DEBUG][gm6] Frame size updated: 720 x 1280
[105:58:33.119][DEBUG][gm6] Video encoder starting at 720x1280
[105:58:33.334][DEBUG][yl6] Data source is starting
[105:58:33.335][WARN][yl6] Renderer was released, creating a new one
[105:58:33.337][DEBUG][v70] Initializing with size=1280x720
[105:58:33.355][DEBUG][v70] Attaching encoder
[105:58:33.355][WARN][yl6] FPS range [10, 20] not supported, selecting one from: ([15, 15], 0), ([15, 20], 5), ([20, 20], 10), ([24, 24], 18), ([8, 30], 8), ([10, 30], 10), ([15, 30], 15), ([30, 30], 30)
[105:58:33.355][INFO][yl6] Selected FPS range: [15, 15]
[105:58:33.357][DEBUG][v70] Created surface for encoder: 720x1280
[105:58:33.362][DEBUG][ar1] Got a surface request
[105:58:33.363][DEBUG][yl6] Encoder attached
[105:58:33.364][DEBUG][ar1] VideoOutput source state: ACTIVE_NON_STREAMING
[105:58:33.367][DEBUG][yl6] Camera bound, sensor=90° sensorResolution=1280x720 content=720x1280
[105:58:33.450][DEBUG][yl6] Auto-focus started
[105:58:33.552][INFO][yl6] Device rotation changed: 270°
[105:58:34.072][DEBUG][ar1] VideoOutput source state: ACTIVE_STREAMING
[105:58:34.860][DEBUG][f24] Stopping
[105:58:34.861][DEBUG][gm6] Stopping, isActive=true
[105:58:34.861][INFO][n91] Closed video session
[105:58:34.868][DEBUG][yl6] Data source is stopping
[105:58:34.872][DEBUG][ar1] VideoOutput source state: INACTIVE
[105:58:34.876][DEBUG][v70] Detaching encoder
[105:58:34.876][WARN][yl6] Auto-focus failed: null
[105:58:34.880][DEBUG][gm6] Video encoder stopped
[105:58:34.882][DEBUG][yl6] Encoder detached
[105:58:34.901][DEBUG][v70] Releasing
[105:58:35.095][DEBUG][ar1] Surface released
[105:58:37.690][DEBUG][NetworkServer-Video] WebSocket opened
[105:58:37.717][DEBUG][NetworkServer-Video] WebSocket opened
[105:58:37.718][DEBUG][f24] Starting
[105:58:37.718][DEBUG][gm6] Starting, isActive=false
[105:58:37.719][DEBUG][gm6] Frame size updated: 720 x 1280
[105:58:37.719][DEBUG][gm6] Video encoder starting at 720x1280
[105:58:37.918][DEBUG][yl6] Data source is starting
[105:58:37.919][WARN][yl6] Renderer was released, creating a new one
[105:58:37.924][DEBUG][v70] Initializing with size=1280x720
[105:58:37.936][DEBUG][v70] Attaching encoder
[105:58:37.937][WARN][yl6] FPS range [10, 20] not supported, selecting one from: ([15, 15], 0), ([15, 20], 5), ([20, 20], 10), ([24, 24], 18), ([8, 30], 8), ([10, 30], 10), ([15, 30], 15), ([30, 30], 30)
[105:58:37.937][INFO][yl6] Selected FPS range: [15, 15]
[105:58:37.938][DEBUG][v70] Created surface for encoder: 720x1280
[105:58:37.941][DEBUG][yl6] Encoder attached
[105:58:37.945][DEBUG][ar1] Got a surface request
[105:58:37.945][DEBUG][ar1] VideoOutput source state: ACTIVE_NON_STREAMING
[105:58:37.949][DEBUG][yl6] Camera bound, sensor=90° sensorResolution=1280x720 content=720x1280
[105:58:38.053][INFO][yl6] Device rotation changed: 270°
[105:58:38.686][DEBUG][ar1] VideoOutput source state: ACTIVE_STREAMING
[105:58:38.717][DEBUG][p14] Stopping
[105:58:38.720][DEBUG][pp] Stopping
[105:58:38.720][DEBUG][pp] Stopping mic capture
[105:58:38.723][INFO][n91] Closed audio session
[105:58:38.760][DEBUG][pp] Mic capture stopped
[105:58:40.542][DEBUG][f24] Stopping
[105:58:40.542][DEBUG][gm6] Stopping, isActive=true
[105:58:40.544][INFO][n91] Closed video session
[105:58:40.548][DEBUG][yl6] Data source is stopping
[105:58:40.548][DEBUG][v70] Detaching encoder
[105:58:40.550][DEBUG][ar1] VideoOutput source state: INACTIVE
[105:58:40.553][DEBUG][yl6] Encoder detached
[105:58:40.561][DEBUG][gm6] Video encoder stopped
[105:58:40.570][DEBUG][v70] Releasing
[105:58:40.798][DEBUG][ar1] Surface released
[105:59:33.229][DEBUG][NetworkServer-Video] WebSocket opened
[105:59:33.267][DEBUG][NetworkServer-Video] WebSocket opened
[105:59:33.268][DEBUG][f24] Starting
[105:59:33.268][DEBUG][gm6] Starting, isActive=false
[105:59:33.269][DEBUG][gm6] Frame size updated: 720 x 1280
[105:59:33.269][DEBUG][gm6] Video encoder starting at 720x1280
[105:59:33.404][WARN][yl6] Renderer was released, creating a new one
[105:59:33.405][DEBUG][yl6] Data source is starting
[105:59:33.407][DEBUG][v70] Initializing with size=1280x720
[105:59:33.415][DEBUG][v70] Attaching encoder
[105:59:33.416][WARN][yl6] FPS range [10, 20] not supported, selecting one from: ([15, 15], 0), ([15, 20], 5), ([20, 20], 10), ([24, 24], 18), ([8, 30], 8), ([10, 30], 10), ([15, 30], 15), ([30, 30], 30)
[105:59:33.416][INFO][yl6] Selected FPS range: [15, 15]
[105:59:33.416][DEBUG][v70] Created surface for encoder: 720x1280
[105:59:33.423][DEBUG][yl6] Encoder attached
[105:59:33.423][DEBUG][ar1] Got a surface request
[105:59:33.424][DEBUG][ar1] VideoOutput source state: ACTIVE_NON_STREAMING
[105:59:33.428][DEBUG][yl6] Camera bound, sensor=90° sensorResolution=1280x720 content=720x1280
[105:59:33.476][INFO][yl6] Device rotation changed: 270°
[105:59:34.123][DEBUG][ar1] VideoOutput source state: ACTIVE_STREAMING
[105:59:34.241][DEBUG][f24] Stopping
[105:59:34.242][DEBUG][gm6] Stopping, isActive=true
[105:59:34.243][INFO][n91] Closed video session
[105:59:34.247][DEBUG][yl6] Data source is stopping
[105:59:34.248][DEBUG][ar1] VideoOutput source state: INACTIVE
[105:59:34.249][DEBUG][v70] Detaching encoder
[105:59:34.255][DEBUG][yl6] Encoder detached
[105:59:34.260][DEBUG][gm6] Video encoder stopped
[105:59:34.266][DEBUG][v70] Releasing
[105:59:34.397][DEBUG][ar1] Surface released
[106:01:26.843][DEBUG][NetworkServer-Video] WebSocket opened
[106:01:26.876][DEBUG][NetworkServer-Video] WebSocket opened
[106:01:26.877][DEBUG][f24] Starting
[106:01:26.878][DEBUG][gm6] Starting, isActive=false
[106:01:26.879][DEBUG][gm6] Frame size updated: 720 x 1280
[106:01:26.880][DEBUG][gm6] Video encoder starting at 720x1280
[106:01:27.017][DEBUG][yl6] Data source is starting
[106:01:27.018][WARN][yl6] Renderer was released, creating a new one
[106:01:27.021][DEBUG][v70] Initializing with size=1280x720
[106:01:27.035][WARN][yl6] FPS range [10, 20] not supported, selecting one from: ([15, 15], 0), ([15, 20], 5), ([20, 20], 10), ([24, 24], 18), ([8, 30], 8), ([10, 30], 10), ([15, 30], 15), ([30, 30], 30)
[106:01:27.035][INFO][yl6] Selected FPS range: [15, 15]
[106:01:27.042][DEBUG][v70] Attaching encoder
[106:01:27.044][DEBUG][ar1] Got a surface request
[106:01:27.045][DEBUG][ar1] VideoOutput source state: ACTIVE_NON_STREAMING
[106:01:27.045][DEBUG][v70] Created surface for encoder: 720x1280
[106:01:27.046][DEBUG][yl6] Encoder attached
[106:01:27.048][DEBUG][yl6] Camera bound, sensor=90° sensorResolution=1280x720 content=720x1280
[106:01:27.128][INFO][yl6] Device rotation changed: 270°
[106:01:27.750][DEBUG][ar1] VideoOutput source state: ACTIVE_STREAMING
[106:01:28.260][DEBUG][f24] Stopping
[106:01:28.261][INFO][n91] Closed video session
[106:01:28.261][DEBUG][gm6] Stopping, isActive=true
[106:01:28.268][DEBUG][yl6] Data source is stopping
[106:01:28.271][DEBUG][ar1] VideoOutput source state: INACTIVE
[106:01:28.274][DEBUG][v70] Detaching encoder
[106:01:28.278][DEBUG][yl6] Encoder detached
[106:01:28.280][DEBUG][gm6] Video encoder stopped
[106:01:28.283][DEBUG][v70] Releasing
[106:01:28.444][DEBUG][ar1] Surface released
[106:06:44.855][DEBUG][NetworkServer-Video] WebSocket opened
[106:06:44.892][DEBUG][NetworkServer-Video] WebSocket opened
[106:06:44.893][DEBUG][f24] Starting
[106:06:44.894][DEBUG][gm6] Starting, isActive=false
[106:06:44.895][DEBUG][gm6] Frame size updated: 720 x 1280
[106:06:44.895][DEBUG][gm6] Video encoder starting at 720x1280
[106:06:45.034][DEBUG][yl6] Data source is starting
[106:06:45.035][WARN][yl6] Renderer was released, creating a new one
[106:06:45.038][DEBUG][v70] Initializing with size=1280x720
[106:06:45.053][DEBUG][v70] Attaching encoder
[106:06:45.054][WARN][yl6] FPS range [10, 20] not supported, selecting one from: ([15, 15], 0), ([15, 20], 5), ([20, 20], 10), ([24, 24], 18), ([8, 30], 8), ([10, 30], 10), ([15, 30], 15), ([30, 30], 30)
[106:06:45.054][INFO][yl6] Selected FPS range: [15, 15]
[106:06:45.060][DEBUG][v70] Created surface for encoder: 720x1280
[106:06:45.060][DEBUG][yl6] Encoder attached
[106:06:45.065][DEBUG][ar1] Got a surface request
[106:06:45.066][DEBUG][ar1] VideoOutput source state: ACTIVE_NON_STREAMING
[106:06:45.070][DEBUG][yl6] Camera bound, sensor=90° sensorResolution=1280x720 content=720x1280
[106:06:45.195][INFO][yl6] Device rotation changed: 270°
[106:06:45.748][DEBUG][ar1] VideoOutput source state: ACTIVE_STREAMING
[106:06:45.895][DEBUG][NetworkServer-Audio] WebSocket opened
[106:06:45.895][DEBUG][p14] Starting
[106:06:45.960][DEBUG][wp] Audio encoder started
[106:06:45.960][DEBUG][pp] Starting
[106:06:45.961][DEBUG][pp] Starting mic capture
[106:06:49.093][DEBUG][yl6] Auto-focus started
[106:06:52.126][WARN][yl6] Auto-focus failed: null
[106:07:42.247][DEBUG][f24] Stopping
[106:07:42.247][DEBUG][gm6] Stopping, isActive=true
[106:07:42.248][INFO][n91] Closed video session
[106:07:42.257][DEBUG][yl6] Data source is stopping
[106:07:42.271][DEBUG][ar1] VideoOutput source state: INACTIVE
[106:07:42.275][DEBUG][v70] Detaching encoder
[106:07:42.280][DEBUG][gm6] Video encoder stopped
[106:07:42.294][DEBUG][yl6] Encoder detached
[106:07:42.295][DEBUG][v70] Releasing
[106:07:42.530][DEBUG][ar1] Surface released
[107:02:14.535][DEBUG][NetworkServer-Video] WebSocket opened
[107:02:14.588][DEBUG][NetworkServer-Video] WebSocket opened
[107:02:14.589][DEBUG][f24] Starting
[107:02:14.590][DEBUG][gm6] Starting, isActive=false
[107:02:14.591][DEBUG][gm6] Frame size updated: 720 x 1280
[107:02:14.592][DEBUG][gm6] Video encoder starting at 720x1280
[107:02:14.771][WARN][yl6] Renderer was released, creating a new one
[107:02:14.773][DEBUG][yl6] Data source is starting
[107:02:14.784][DEBUG][v70] Initializing with size=1280x720
[107:02:14.802][DEBUG][v70] Attaching encoder
[107:02:14.804][DEBUG][v70] Created surface for encoder: 720x1280
[107:02:14.804][DEBUG][yl6] Encoder attached
[107:02:14.805][WARN][yl6] FPS range [10, 20] not supported, selecting one from: ([15, 15], 0), ([15, 20], 5), ([20, 20], 10), ([24, 24], 18), ([8, 30], 8), ([10, 30], 10), ([15, 30], 15), ([30, 30], 30)
[107:02:14.805][INFO][yl6] Selected FPS range: [15, 15]
[107:02:14.814][DEBUG][ar1] Got a surface request
[107:02:14.814][DEBUG][ar1] VideoOutput source state: ACTIVE_NON_STREAMING
[107:02:14.821][DEBUG][yl6] Camera bound, sensor=90° sensorResolution=1280x720 content=720x1280
[107:02:14.932][INFO][yl6] Device rotation changed: 270°
[107:02:15.544][DEBUG][ar1] VideoOutput source state: ACTIVE_STREAMING
[107:02:18.845][DEBUG][yl6] Auto-focus started
[107:02:18.932][DEBUG][f24] Stopping
[107:02:18.932][DEBUG][gm6] Stopping, isActive=true
[107:02:18.933][INFO][n91] Closed video session
[107:02:18.937][DEBUG][yl6] Data source is stopping
[107:02:18.939][DEBUG][ar1] VideoOutput source state: INACTIVE
[107:02:18.938][DEBUG][v70] Detaching encoder
[107:02:18.944][WARN][yl6] Auto-focus failed: null
[107:02:18.947][DEBUG][yl6] Encoder detached
[107:02:18.949][DEBUG][gm6] Video encoder stopped
[107:02:18.966][DEBUG][v70] Releasing
[107:02:19.194][DEBUG][ar1] Surface released
[107:09:41.159][DEBUG][NetworkServer-Video] WebSocket opened
[107:09:41.192][DEBUG][NetworkServer-Video] WebSocket opened
[107:09:41.193][DEBUG][f24] Starting
[107:09:41.194][DEBUG][gm6] Starting, isActive=false
[107:09:41.195][DEBUG][gm6] Frame size updated: 720 x 1280
[107:09:41.195][DEBUG][gm6] Video encoder starting at 720x1280
[107:09:41.354][DEBUG][yl6] Data source is starting
[107:09:41.354][WARN][yl6] Renderer was released, creating a new one
[107:09:41.362][DEBUG][v70] Initializing with size=1280x720
[107:09:41.383][WARN][yl6] FPS range [10, 20] not supported, selecting one from: ([15, 15], 0), ([15, 20], 5), ([20, 20], 10), ([24, 24], 18), ([8, 30], 8), ([10, 30], 10), ([15, 30], 15), ([30, 30], 30)
[107:09:41.383][INFO][yl6] Selected FPS range: [15, 15]
[107:09:41.388][DEBUG][v70] Attaching encoder
[107:09:41.390][DEBUG][v70] Created surface for encoder: 720x1280
[107:09:41.391][DEBUG][yl6] Encoder attached
[107:09:41.396][DEBUG][ar1] Got a surface request
[107:09:41.396][DEBUG][ar1] VideoOutput source state: ACTIVE_NON_STREAMING
[107:09:41.401][DEBUG][yl6] Camera bound, sensor=90° sensorResolution=1280x720 content=720x1280
[107:09:41.499][INFO][yl6] Device rotation changed: 270°
[107:09:42.108][DEBUG][ar1] VideoOutput source state: ACTIVE_STREAMING
[107:09:45.418][DEBUG][yl6] Auto-focus started
[107:09:48.352][DEBUG][yl6] Auto-focus succeeded
[107:11:41.459][DEBUG][f24] Stopping
[107:11:41.459][DEBUG][gm6] Stopping, isActive=true
[107:11:41.467][DEBUG][yl6] Data source is stopping
[107:11:41.470][DEBUG][ar1] VideoOutput source state: INACTIVE
[107:11:41.472][DEBUG][v70] Detaching encoder
[107:11:41.474][INFO][n91] Closed video session
[107:11:41.482][DEBUG][yl6] Encoder detached
[107:11:41.484][DEBUG][gm6] Video encoder stopped
[107:11:41.496][DEBUG][v70] Releasing
[107:11:41.663][DEBUG][ar1] Surface released
[107:33:34.917][DEBUG][NetworkServer-Video] WebSocket opened
[107:33:34.949][DEBUG][NetworkServer-Video] WebSocket opened
[107:33:34.950][DEBUG][f24] Starting
[107:33:34.950][DEBUG][gm6] Starting, isActive=false
[107:33:34.951][DEBUG][gm6] Frame size updated: 720 x 1280
[107:33:34.952][DEBUG][gm6] Video encoder starting at 720x1280
[107:33:35.124][DEBUG][yl6] Data source is starting
[107:33:35.125][WARN][yl6] Renderer was released, creating a new one
[107:33:35.133][DEBUG][v70] Initializing with size=1280x720
[107:33:35.152][DEBUG][v70] Attaching encoder
[107:33:35.153][WARN][yl6] FPS range [10, 20] not supported, selecting one from: ([15, 15], 0), ([15, 20], 5), ([20, 20], 10), ([24, 24], 18), ([8, 30], 8), ([10, 30], 10), ([15, 30], 15), ([30, 30], 30)
[107:33:35.153][INFO][yl6] Selected FPS range: [15, 15]
[107:33:35.156][DEBUG][v70] Created surface for encoder: 720x1280
[107:33:35.157][DEBUG][yl6] Encoder attached
[107:33:35.167][DEBUG][ar1] Got a surface request
[107:33:35.168][DEBUG][ar1] VideoOutput source state: ACTIVE_NON_STREAMING
[107:33:35.173][DEBUG][yl6] Camera bound, sensor=90° sensorResolution=1280x720 content=720x1280
[107:33:35.341][INFO][yl6] Device rotation changed: 270°
[107:33:35.910][DEBUG][ar1] VideoOutput source state: ACTIVE_STREAMING
[107:33:39.201][DEBUG][yl6] Auto-focus started
[107:33:41.948][DEBUG][yl6] Auto-focus succeeded
[107:33:55.231][DEBUG][f24] Stopping
[107:33:55.231][DEBUG][gm6] Stopping, isActive=true
[107:33:55.232][INFO][n91] Closed video session
[107:33:55.233][DEBUG][yl6] Data source is stopping
[107:33:55.234][DEBUG][v70] Detaching encoder
[107:33:55.236][DEBUG][ar1] VideoOutput source state: INACTIVE
[107:33:55.249][DEBUG][yl6] Encoder detached
[107:33:55.269][DEBUG][gm6] Video encoder stopped
[107:33:55.275][DEBUG][v70] Releasing
[107:33:55.468][DEBUG][ar1] Surface released
[108:35:21.171][DEBUG][NetworkServer-Video] WebSocket opened
[108:35:21.216][DEBUG][NetworkServer-Video] WebSocket opened
[108:35:21.217][DEBUG][f24] Starting
[108:35:21.218][DEBUG][gm6] Starting, isActive=false
[108:35:21.219][DEBUG][gm6] Frame size updated: 720 x 1280
[108:35:21.219][DEBUG][gm6] Video encoder starting at 720x1280
[108:35:21.436][WARN][yl6] Renderer was released, creating a new one
[108:35:21.436][DEBUG][yl6] Data source is starting
[108:35:21.440][DEBUG][v70] Initializing with size=1280x720
[108:35:21.453][DEBUG][v70] Attaching encoder
[108:35:21.454][WARN][yl6] FPS range [10, 20] not supported, selecting one from: ([15, 15], 0), ([15, 20], 5), ([20, 20], 10), ([24, 24], 18), ([8, 30], 8), ([10, 30], 10), ([15, 30], 15), ([30, 30], 30)
[108:35:21.454][INFO][yl6] Selected FPS range: [15, 15]
[108:35:21.456][DEBUG][v70] Created surface for encoder: 720x1280
[108:35:21.456][DEBUG][yl6] Encoder attached
[108:35:21.467][DEBUG][ar1] Got a surface request
[108:35:21.467][DEBUG][ar1] VideoOutput source state: ACTIVE_NON_STREAMING
[108:35:21.471][DEBUG][yl6] Camera bound, sensor=90° sensorResolution=1280x720 content=720x1280
[108:35:21.627][INFO][yl6] Device rotation changed: 270°
[108:35:22.195][DEBUG][ar1] VideoOutput source state: ACTIVE_STREAMING
[108:35:25.520][DEBUG][yl6] Auto-focus started
[108:35:27.970][DEBUG][yl6] Auto-focus succeeded
[108:35:28.252][DEBUG][f24] Stopping
[108:35:28.252][DEBUG][gm6] Stopping, isActive=true
[108:35:28.253][INFO][n91] Closed video session
[108:35:28.254][DEBUG][yl6] Data source is stopping
[108:35:28.254][DEBUG][v70] Detaching encoder
[108:35:28.255][DEBUG][ar1] VideoOutput source state: INACTIVE
[108:35:28.264][DEBUG][gm6] Video encoder stopped
[108:35:28.270][DEBUG][yl6] Encoder detached
[108:35:28.278][DEBUG][v70] Releasing
[108:35:28.497][DEBUG][ar1] Surface released
[108:35:31.032][INFO][n91] Closed control session
[108:35:31.036][DEBUG][p14] Stopping
[108:35:31.037][INFO][n91] Closed audio session
[108:35:31.049][DEBUG][pp] Stopping
[108:35:31.050][DEBUG][pp] Stopping mic capture
[108:35:31.164][DEBUG][pp] Mic capture stopped
[111:05:29.002][INFO][n91] Closed control session
[111:05:29.003][DEBUG][h15] WebSocket closed normally
[111:05:29.027][DEBUG][di5] Updated state: ServerHomeScreenState(onLocalNetwork=true, onRelay=false, hasRelay=true, captureMode=AUDIO_AND_VIDEO)
[111:05:32.013][DEBUG][h15] Connecting to relay at RelayConfiguration(<host 1960553357>, with passphrase) as bh1(1cdd4ca6-9245-4972-96b3-f0c4adec7729, 0 addresses)
[111:05:32.034][INFO][h15] Relay disconnected: UnresolvedAddressException: No message. Retrying.
[111:05:35.037][DEBUG][h15] Connecting to relay at RelayConfiguration(<host 1960553357>, with passphrase) as bh1(1cdd4ca6-9245-4972-96b3-f0c4adec7729, 0 addresses)
[111:05:35.050][INFO][h15] Relay disconnected: UnresolvedAddressException: No message. Retrying.
[111:05:49.277][DEBUG][h15] Connecting to relay at RelayConfiguration(<host 1960553357>, with passphrase) as bh1(1cdd4ca6-9245-4972-96b3-f0c4adec7729, 0 addresses)
[111:05:49.295][INFO][h15] Relay disconnected: UnresolvedAddressException: No message. Retrying.
[111:05:50.195][DEBUG][c51] Internet availability changed: false
[111:08:26.476][DEBUG][c51] Internet availability changed: true
[111:08:26.477][DEBUG][h15] Connecting to relay at RelayConfiguration(<host 1960553357>, with passphrase) as bh1(1cdd4ca6-9245-4972-96b3-f0c4adec7729, 0 addresses)
[111:08:26.921][DEBUG][h15] WebSocket opened
[111:08:26.922][INFO][h15] Registered with relay as bh1(1cdd4ca6-9245-4972-96b3-f0c4adec7729, 0 addresses)
[111:08:26.924][DEBUG][di5] Updated state: ServerHomeScreenState(onLocalNetwork=true, onRelay=true, hasRelay=true, captureMode=AUDIO_AND_VIDEO)
[111:18:14.122][DEBUG][NetworkServer-Control] WebSocket opened
[111:18:15.028][DEBUG][NetworkServer-Video] WebSocket opened
[111:18:15.047][DEBUG][NetworkServer-Audio] WebSocket opened
[111:18:15.047][DEBUG][p14] Starting
[111:18:15.047][DEBUG][NetworkServer-Video] WebSocket opened
[111:18:15.047][DEBUG][f24] Starting
[111:18:15.048][DEBUG][gm6] Starting, isActive=false
[111:18:15.048][DEBUG][gm6] Frame size updated: 720 x 1280
[111:18:15.048][DEBUG][gm6] Video encoder starting at 720x1280
[111:18:15.133][DEBUG][wp] Audio encoder started
[111:18:15.134][DEBUG][pp] Starting
[111:18:15.134][DEBUG][pp] Starting mic capture
[111:18:15.220][DEBUG][yl6] Data source is starting
[111:18:15.221][WARN][yl6] Renderer was released, creating a new one
[111:18:15.229][DEBUG][v70] Initializing with size=1280x720
[111:18:15.245][DEBUG][v70] Attaching encoder
[111:18:15.245][WARN][yl6] FPS range [10, 20] not supported, selecting one from: ([15, 15], 0), ([15, 20], 5), ([20, 20], 10), ([24, 24], 18), ([8, 30], 8), ([10, 30], 10), ([15, 30], 15), ([30, 30], 30)
[111:18:15.245][INFO][yl6] Selected FPS range: [15, 15]
[111:18:15.248][DEBUG][v70] Created surface for encoder: 720x1280
[111:18:15.248][DEBUG][yl6] Encoder attached
[111:18:15.254][DEBUG][ar1] Got a surface request
[111:18:15.254][DEBUG][ar1] VideoOutput source state: ACTIVE_NON_STREAMING
[111:18:15.257][DEBUG][yl6] Camera bound, sensor=90° sensorResolution=1280x720 content=720x1280
[111:18:15.360][INFO][yl6] Device rotation changed: 270°
[111:18:16.006][DEBUG][ar1] VideoOutput source state: ACTIVE_STREAMING
[111:18:19.300][DEBUG][yl6] Auto-focus started
[111:18:22.514][DEBUG][yl6] Auto-focus succeeded
[111:18:27.323][DEBUG][f24] Stopping
[111:18:27.323][DEBUG][gm6] Stopping, isActive=true
[111:18:27.331][DEBUG][yl6] Data source is stopping
[111:18:27.332][DEBUG][ar1] VideoOutput source state: INACTIVE
[111:18:27.341][DEBUG][v70] Detaching encoder
[111:18:27.346][DEBUG][gm6] Video encoder stopped
[111:18:27.351][DEBUG][yl6] Encoder detached
[111:18:27.368][DEBUG][v70] Releasing
[111:18:27.574][DEBUG][ar1] Surface released
[111:18:30.110][DEBUG][p14] Stopping
[111:18:30.113][DEBUG][pp] Stopping
[111:18:30.113][DEBUG][pp] Stopping mic capture
[111:18:30.168][DEBUG][pp] Mic capture stopped
[115:11:47.982][DEBUG][NetworkServer-Control] WebSocket opened
[115:11:56.851][DEBUG][NetworkServer-Video] WebSocket opened
[115:11:56.965][DEBUG][NetworkServer-Video] WebSocket opened
[115:11:56.965][DEBUG][NetworkServer-Audio] WebSocket opened
[115:11:56.966][DEBUG][f24] Starting
[115:11:56.966][DEBUG][gm6] Starting, isActive=false
[115:11:56.967][DEBUG][gm6] Frame size updated: 720 x 1280
[115:11:56.968][DEBUG][gm6] Video encoder starting at 720x1280
[115:11:56.971][DEBUG][p14] Starting
[115:11:57.051][DEBUG][wp] Audio encoder started
[115:11:57.051][DEBUG][pp] Starting
[115:11:57.052][DEBUG][pp] Starting mic capture
[115:11:57.129][DEBUG][yl6] Data source is starting
[115:11:57.129][WARN][yl6] Renderer was released, creating a new one
[115:11:57.133][DEBUG][v70] Initializing with size=1280x720
[115:11:57.150][DEBUG][v70] Attaching encoder
[115:11:57.151][DEBUG][v70] Created surface for encoder: 720x1280
[115:11:57.152][WARN][yl6] FPS range [10, 20] not supported, selecting one from: ([15, 15], 0), ([15, 20], 5), ([20, 20], 10), ([24, 24], 18), ([8, 30], 8), ([10, 30], 10), ([15, 30], 15), ([30, 30], 30)
[115:11:57.152][INFO][yl6] Selected FPS range: [15, 15]
[115:11:57.152][DEBUG][yl6] Encoder attached
[115:11:57.160][DEBUG][ar1] Got a surface request
[115:11:57.160][DEBUG][ar1] VideoOutput source state: ACTIVE_NON_STREAMING
[115:11:57.163][DEBUG][yl6] Camera bound, sensor=90° sensorResolution=1280x720 content=720x1280
[115:11:57.240][INFO][yl6] Device rotation changed: 270°
[115:11:57.913][DEBUG][ar1] VideoOutput source state: ACTIVE_STREAMING
[115:12:01.183][DEBUG][yl6] Auto-focus started
[115:12:03.637][DEBUG][yl6] Auto-focus succeeded
[115:12:08.527][INFO][n91] Closed video session
[115:12:08.527][DEBUG][f24] Stopping
[115:12:08.528][DEBUG][gm6] Stopping, isActive=true
[115:12:08.531][DEBUG][yl6] Data source is stopping
[115:12:08.535][DEBUG][ar1] VideoOutput source state: INACTIVE
[115:12:08.539][DEBUG][gm6] Video encoder stopped
[115:12:08.546][DEBUG][v70] Detaching encoder
[115:12:08.553][DEBUG][yl6] Encoder detached
[115:12:08.553][DEBUG][v70] Releasing
[115:12:08.756][DEBUG][ar1] Surface released
[115:30:01.906][INFO][n91] Closed control session
[115:30:16.859][DEBUG][NetworkServer-Control] WebSocket opened
[115:30:17.540][DEBUG][p14] Stopping
[115:30:17.540][INFO][n91] Closed audio session
[115:30:17.541][DEBUG][pp] Stopping
[115:30:17.550][DEBUG][pp] Stopping mic capture
[115:30:17.652][DEBUG][pp] Mic capture stopped
[115:30:33.853][DEBUG][NetworkServer-Audio] WebSocket opened
[115:30:33.853][DEBUG][p14] Starting
[115:30:33.912][DEBUG][wp] Audio encoder started
[115:30:33.913][DEBUG][pp] Starting
[115:30:33.913][DEBUG][pp] Starting mic capture
[115:30:48.702][DEBUG][NetworkServer-Video] WebSocket opened
[115:30:48.744][DEBUG][NetworkServer-Video] WebSocket opened
[115:30:48.745][DEBUG][f24] Starting
[115:30:48.746][DEBUG][gm6] Starting, isActive=false
[115:30:48.747][DEBUG][gm6] Frame size updated: 720 x 1280
[115:30:48.747][DEBUG][gm6] Video encoder starting at 720x1280
[115:30:48.957][DEBUG][yl6] Data source is starting
[115:30:48.959][WARN][yl6] Renderer was released, creating a new one
[115:30:48.960][DEBUG][v70] Initializing with size=1280x720
[115:30:48.979][WARN][yl6] FPS range [10, 20] not supported, selecting one from: ([15, 15], 0), ([15, 20], 5), ([20, 20], 10), ([24, 24], 18), ([8, 30], 8), ([10, 30], 10), ([15, 30], 15), ([30, 30], 30)
[115:30:48.979][INFO][yl6] Selected FPS range: [15, 15]
[115:30:48.986][DEBUG][v70] Attaching encoder
[115:30:48.988][DEBUG][v70] Created surface for encoder: 720x1280
[115:30:48.988][DEBUG][yl6] Encoder attached
[115:30:48.988][DEBUG][ar1] Got a surface request
[115:30:48.989][DEBUG][ar1] VideoOutput source state: ACTIVE_NON_STREAMING
[115:30:48.992][DEBUG][yl6] Camera bound, sensor=90° sensorResolution=1280x720 content=720x1280
[115:30:49.086][INFO][yl6] Device rotation changed: 270°
[115:30:49.747][DEBUG][ar1] VideoOutput source state: ACTIVE_STREAMING
[115:30:53.014][DEBUG][yl6] Auto-focus started
[115:30:55.264][DEBUG][yl6] Auto-focus succeeded
[115:30:58.816][INFO][n91] Closed video session
[115:30:58.818][DEBUG][f24] Stopping
[115:30:58.818][DEBUG][gm6] Stopping, isActive=true
[115:30:58.820][DEBUG][yl6] Data source is stopping
[115:30:58.822][DEBUG][ar1] VideoOutput source state: INACTIVE
[115:30:58.833][DEBUG][gm6] Video encoder stopped
[115:30:58.851][WARN][v70] eglSwapBuffers failed: 12299
[115:30:58.851][DEBUG][v70] Detaching encoder
[115:30:58.857][DEBUG][yl6] Encoder detached
[115:30:58.860][DEBUG][v70] Releasing
[115:30:59.068][DEBUG][ar1] Surface released
[115:32:38.904][DEBUG][NetworkServer-Video] WebSocket opened
[115:32:38.950][DEBUG][NetworkServer-Video] WebSocket opened
[115:32:38.951][DEBUG][f24] Starting
[115:32:38.951][DEBUG][gm6] Starting, isActive=false
[115:32:38.953][DEBUG][gm6] Frame size updated: 720 x 1280
[115:32:38.953][DEBUG][gm6] Video encoder starting at 720x1280
[115:32:39.136][DEBUG][yl6] Data source is starting
[115:32:39.137][WARN][yl6] Renderer was released, creating a new one
[115:32:39.143][DEBUG][v70] Initializing with size=1280x720
[115:32:39.159][DEBUG][v70] Attaching encoder
[115:32:39.160][WARN][yl6] FPS range [10, 20] not supported, selecting one from: ([15, 15], 0), ([15, 20], 5), ([20, 20], 10), ([24, 24], 18), ([8, 30], 8), ([10, 30], 10), ([15, 30], 15), ([30, 30], 30)
[115:32:39.160][INFO][yl6] Selected FPS range: [15, 15]
[115:32:39.163][DEBUG][v70] Created surface for encoder: 720x1280
[115:32:39.163][DEBUG][yl6] Encoder attached
[115:32:39.171][DEBUG][ar1] Got a surface request
[115:32:39.172][DEBUG][ar1] VideoOutput source state: ACTIVE_NON_STREAMING
[115:32:39.176][DEBUG][yl6] Camera bound, sensor=90° sensorResolution=1280x720 content=720x1280
[115:32:39.243][INFO][yl6] Device rotation changed: 270°
[115:32:39.880][DEBUG][f24] Stopping
[115:32:39.880][DEBUG][gm6] Stopping, isActive=true
[115:32:39.882][INFO][n91] Closed video session
[115:32:39.891][DEBUG][yl6] Data source is stopping
[115:32:39.892][DEBUG][v70] Detaching encoder
[115:32:39.894][DEBUG][ar1] VideoOutput source state: INACTIVE
[115:32:39.894][DEBUG][yl6] Encoder detached
[115:32:39.898][DEBUG][gm6] Video encoder stopped
[115:32:39.908][DEBUG][v70] Releasing
[115:32:40.077][DEBUG][ar1] Surface released
[115:41:25.917][DEBUG][NetworkServer-Control] WebSocket opened
[115:41:26.073][DEBUG][NetworkServer-Audio] WebSocket opened
[115:41:26.889][DEBUG][NetworkServer-Video] WebSocket opened
[115:41:26.929][DEBUG][NetworkServer-Video] WebSocket opened
[115:41:26.929][DEBUG][f24] Starting
[115:41:26.930][DEBUG][gm6] Starting, isActive=false
[115:41:26.931][DEBUG][gm6] Frame size updated: 720 x 1280
[115:41:26.931][DEBUG][gm6] Video encoder starting at 720x1280
[115:41:27.146][DEBUG][yl6] Data source is starting
[115:41:27.146][WARN][yl6] Renderer was released, creating a new one
[115:41:27.154][DEBUG][v70] Initializing with size=1280x720
[115:41:27.172][DEBUG][v70] Attaching encoder
[115:41:27.173][WARN][yl6] FPS range [10, 20] not supported, selecting one from: ([15, 15], 0), ([15, 20], 5), ([20, 20], 10), ([24, 24], 18), ([8, 30], 8), ([10, 30], 10), ([15, 30], 15), ([30, 30], 30)
[115:41:27.173][INFO][yl6] Selected FPS range: [15, 15]
[115:41:27.175][DEBUG][v70] Created surface for encoder: 720x1280
[115:41:27.178][DEBUG][yl6] Encoder attached
[115:41:27.188][DEBUG][ar1] Got a surface request
[115:41:27.188][DEBUG][ar1] VideoOutput source state: ACTIVE_NON_STREAMING
[115:41:27.191][DEBUG][yl6] Camera bound, sensor=90° sensorResolution=1280x720 content=720x1280
[115:41:27.350][INFO][yl6] Device rotation changed: 270°
[115:41:27.924][DEBUG][ar1] VideoOutput source state: ACTIVE_STREAMING
[115:41:31.205][DEBUG][yl6] Auto-focus started
[115:41:34.167][DEBUG][yl6] Auto-focus succeeded
[115:44:56.444][DEBUG][f24] Stopping
[115:44:56.444][DEBUG][gm6] Stopping, isActive=true
[115:44:56.448][INFO][n91] Closed video session
[115:44:56.450][DEBUG][yl6] Data source is stopping
[115:44:56.451][DEBUG][v70] Detaching encoder
[115:44:56.452][DEBUG][ar1] VideoOutput source state: INACTIVE
[115:44:56.454][DEBUG][yl6] Encoder detached
[115:44:56.456][DEBUG][gm6] Video encoder stopped
[115:44:56.487][DEBUG][v70] Releasing
[115:44:56.666][DEBUG][ar1] Surface released
[115:46:53.864][DEBUG][NetworkServer-Video] WebSocket opened
[115:46:53.882][DEBUG][NetworkServer-Video] WebSocket opened
[115:46:53.883][DEBUG][f24] Starting
[115:46:53.883][DEBUG][gm6] Starting, isActive=false
[115:46:53.884][DEBUG][gm6] Frame size updated: 720 x 1280
[115:46:53.884][DEBUG][gm6] Video encoder starting at 720x1280
[115:46:54.073][WARN][yl6] Renderer was released, creating a new one
[115:46:54.073][DEBUG][yl6] Data source is starting
[115:46:54.075][DEBUG][v70] Initializing with size=1280x720
[115:46:54.093][DEBUG][v70] Attaching encoder
[115:46:54.093][WARN][yl6] FPS range [10, 20] not supported, selecting one from: ([15, 15], 0), ([15, 20], 5), ([20, 20], 10), ([24, 24], 18), ([8, 30], 8), ([10, 30], 10), ([15, 30], 15), ([30, 30], 30)
[115:46:54.093][INFO][yl6] Selected FPS range: [15, 15]
[115:46:54.097][DEBUG][v70] Created surface for encoder: 720x1280
[115:46:54.098][DEBUG][yl6] Encoder attached
[115:46:54.108][DEBUG][ar1] Got a surface request
[115:46:54.108][DEBUG][ar1] VideoOutput source state: ACTIVE_NON_STREAMING
[115:46:54.113][DEBUG][yl6] Camera bound, sensor=90° sensorResolution=1280x720 content=720x1280
[115:46:54.220][INFO][yl6] Device rotation changed: 270°
[115:46:54.799][DEBUG][ar1] VideoOutput source state: ACTIVE_STREAMING
[115:46:58.134][DEBUG][yl6] Auto-focus started
[115:47:01.105][WARN][yl6] Auto-focus failed: null
[115:47:09.192][INFO][n91] Closed control session
[115:47:50.077][INFO][n91] Closed audio session
[115:47:50.190][DEBUG][NetworkServer-Control] WebSocket opened
[115:47:50.314][DEBUG][NetworkServer-Audio] WebSocket opened
[115:48:58.602][DEBUG][f24] Stopping
[115:48:58.602][INFO][n91] Closed video session
[115:48:58.603][DEBUG][gm6] Stopping, isActive=true
[115:48:58.603][DEBUG][yl6] Data source is stopping
[115:48:58.603][DEBUG][v70] Detaching encoder
[115:48:58.605][DEBUG][ar1] VideoOutput source state: INACTIVE
[115:48:58.606][DEBUG][yl6] Encoder detached
[115:48:58.618][DEBUG][gm6] Video encoder stopped
[115:48:58.641][DEBUG][v70] Releasing
[115:48:58.807][DEBUG][ar1] Surface released
[115:49:44.323][INFO][n91] Closed control session
[115:49:44.326][INFO][n91] Closed audio session
[116:05:46.612][DEBUG][NetworkServer-Video] WebSocket opened
[116:05:46.640][DEBUG][NetworkServer-Video] WebSocket opened
[116:05:46.641][DEBUG][f24] Starting
[116:05:46.641][DEBUG][gm6] Starting, isActive=false
[116:05:46.642][DEBUG][gm6] Frame size updated: 720 x 1280
[116:05:46.642][DEBUG][gm6] Video encoder starting at 720x1280
[116:05:46.850][DEBUG][yl6] Data source is starting
[116:05:46.851][WARN][yl6] Renderer was released, creating a new one
[116:05:46.854][DEBUG][v70] Initializing with size=1280x720
[116:05:46.870][DEBUG][v70] Attaching encoder
[116:05:46.871][WARN][yl6] FPS range [10, 20] not supported, selecting one from: ([15, 15], 0), ([15, 20], 5), ([20, 20], 10), ([24, 24], 18), ([8, 30], 8), ([10, 30], 10), ([15, 30], 15), ([30, 30], 30)
[116:05:46.871][INFO][yl6] Selected FPS range: [15, 15]
[116:05:46.875][DEBUG][v70] Created surface for encoder: 720x1280
[116:05:46.877][DEBUG][yl6] Encoder attached
[116:05:46.884][DEBUG][ar1] Got a surface request
[116:05:46.885][DEBUG][ar1] VideoOutput source state: ACTIVE_NON_STREAMING
[116:05:46.890][DEBUG][yl6] Camera bound, sensor=90° sensorResolution=1280x720 content=720x1280
[116:05:46.939][INFO][yl6] Device rotation changed: 270°
[116:05:47.609][DEBUG][ar1] VideoOutput source state: ACTIVE_STREAMING
[116:05:50.314][DEBUG][f24] Stopping
[116:05:50.314][DEBUG][gm6] Stopping, isActive=true
[116:05:50.315][INFO][n91] Closed video session
[116:05:50.320][DEBUG][yl6] Data source is stopping
[116:05:50.323][DEBUG][v70] Detaching encoder
[116:05:50.325][DEBUG][yl6] Encoder detached
[116:05:50.327][DEBUG][ar1] VideoOutput source state: INACTIVE
[116:05:50.339][DEBUG][v70] Releasing
[116:05:50.346][DEBUG][gm6] Video encoder stopped
[116:05:50.371][DEBUG][p14] Stopping
[116:05:50.372][INFO][n91] Closed audio session
[116:05:50.375][DEBUG][pp] Stopping
[116:05:50.375][DEBUG][pp] Stopping mic capture
[116:05:50.407][DEBUG][pp] Mic capture stopped
[116:05:50.486][DEBUG][ar1] Surface released
[116:42:49.128][INFO][n91] Closed control session
[120:40:00.513][DEBUG][NetworkServer-Control] WebSocket opened
[120:40:00.837][DEBUG][NetworkServer-Audio] WebSocket opened
[120:40:00.840][DEBUG][p14] Starting
[120:40:01.030][DEBUG][wp] Audio encoder started
[120:40:01.030][DEBUG][pp] Starting
[120:40:01.031][DEBUG][pp] Starting mic capture
[120:40:01.611][DEBUG][NetworkServer-Video] WebSocket opened
[120:40:01.636][DEBUG][NetworkServer-Video] WebSocket opened
[120:40:01.637][DEBUG][f24] Starting
[120:40:01.637][DEBUG][gm6] Starting, isActive=false
[120:40:01.640][DEBUG][gm6] Frame size updated: 720 x 1280
[120:40:01.641][DEBUG][gm6] Video encoder starting at 720x1280
[120:40:01.882][DEBUG][yl6] Data source is starting
[120:40:01.883][WARN][yl6] Renderer was released, creating a new one
[120:40:01.885][DEBUG][v70] Initializing with size=1280x720
[120:40:01.902][DEBUG][v70] Attaching encoder
[120:40:01.902][WARN][yl6] FPS range [10, 20] not supported, selecting one from: ([15, 15], 0), ([15, 20], 5), ([20, 20], 10), ([24, 24], 18), ([8, 30], 8), ([10, 30], 10), ([15, 30], 15), ([30, 30], 30)
[120:40:01.902][INFO][yl6] Selected FPS range: [15, 15]
[120:40:01.905][DEBUG][v70] Created surface for encoder: 720x1280
[120:40:01.906][DEBUG][yl6] Encoder attached
[120:40:01.915][DEBUG][ar1] Got a surface request
[120:40:01.916][DEBUG][ar1] VideoOutput source state: ACTIVE_NON_STREAMING
[120:40:01.921][DEBUG][yl6] Camera bound, sensor=90° sensorResolution=1280x720 content=720x1280
[120:40:01.962][INFO][yl6] Device rotation changed: 270°
[120:40:02.772][DEBUG][ar1] VideoOutput source state: ACTIVE_STREAMING
[120:40:05.941][DEBUG][yl6] Auto-focus started
[120:40:08.895][DEBUG][yl6] Auto-focus succeeded
[120:41:51.960][DEBUG][f24] Stopping
[120:41:51.960][INFO][n91] Closed video session
[120:41:51.960][DEBUG][gm6] Stopping, isActive=true
[120:41:51.962][DEBUG][yl6] Data source is stopping
[120:41:51.962][DEBUG][v70] Detaching encoder
[120:41:51.966][DEBUG][ar1] VideoOutput source state: INACTIVE
[120:41:51.971][DEBUG][yl6] Encoder detached
[120:41:51.981][DEBUG][v70] Releasing
[120:41:51.983][DEBUG][gm6] Video encoder stopped
[120:41:52.195][DEBUG][ar1] Surface released
[120:42:54.966][DEBUG][NetworkServer-Video] WebSocket opened
[120:42:55.005][DEBUG][NetworkServer-Video] WebSocket opened
[120:42:55.006][DEBUG][f24] Starting
[120:42:55.006][DEBUG][gm6] Starting, isActive=false
[120:42:55.007][DEBUG][gm6] Frame size updated: 720 x 1280
[120:42:55.007][DEBUG][gm6] Video encoder starting at 720x1280
[120:42:55.202][DEBUG][yl6] Data source is starting
[120:42:55.204][WARN][yl6] Renderer was released, creating a new one
[120:42:55.206][DEBUG][v70] Initializing with size=1280x720
[120:42:55.220][DEBUG][v70] Attaching encoder
[120:42:55.221][WARN][yl6] FPS range [10, 20] not supported, selecting one from: ([15, 15], 0), ([15, 20], 5), ([20, 20], 10), ([24, 24], 18), ([8, 30], 8), ([10, 30], 10), ([15, 30], 15), ([30, 30], 30)
[120:42:55.222][INFO][yl6] Selected FPS range: [15, 15]
[120:42:55.224][DEBUG][v70] Created surface for encoder: 720x1280
[120:42:55.224][DEBUG][yl6] Encoder attached
[120:42:55.236][DEBUG][ar1] Got a surface request
[120:42:55.236][DEBUG][ar1] VideoOutput source state: ACTIVE_NON_STREAMING
[120:42:55.241][DEBUG][yl6] Camera bound, sensor=90° sensorResolution=1280x720 content=720x1280
[120:42:55.466][INFO][yl6] Device rotation changed: 270°
[120:42:55.944][DEBUG][ar1] VideoOutput source state: ACTIVE_STREAMING
[120:42:59.289][DEBUG][yl6] Auto-focus started
[120:43:02.387][DEBUG][yl6] Auto-focus succeeded
[120:46:26.840][DEBUG][NetworkServer-Control] WebSocket opened
[120:46:27.127][DEBUG][NetworkServer-Audio] WebSocket opened
[120:46:39.175][DEBUG][NetworkServer-Video] WebSocket opened
[120:46:39.191][DEBUG][NetworkServer-Video] WebSocket opened
[120:46:39.204][DEBUG][NetworkServer-Video] Dropping non-keyframe chunk while waiting for first keyframe
[120:46:40.106][INFO][n91] Closed video session
[120:46:41.234][INFO][n91] Closed control session
[120:46:41.239][INFO][n91] Closed audio session
[121:11:51.952][DEBUG][c51] Battery level changed: 97
[121:15:51.963][DEBUG][c51] Battery level changed: 96
[121:21:51.985][DEBUG][c51] Battery level changed: 95
[121:27:52.002][DEBUG][c51] Battery level changed: 94
[121:33:52.017][DEBUG][c51] Battery level changed: 93
[121:40:52.037][DEBUG][c51] Battery level changed: 92
[121:46:52.050][DEBUG][c51] Battery level changed: 91
[121:52:13.227][DEBUG][f24] Stopping
[121:52:13.227][INFO][n91] Closed video session
[121:52:13.227][DEBUG][gm6] Stopping, isActive=true
[121:52:13.238][DEBUG][yl6] Data source is stopping
[121:52:13.239][DEBUG][ar1] VideoOutput source state: INACTIVE
[121:52:13.242][DEBUG][v70] Detaching encoder
[121:52:13.247][DEBUG][yl6] Encoder detached
[121:52:13.251][DEBUG][gm6] Video encoder stopped
[121:52:13.254][DEBUG][v70] Releasing
[121:52:13.440][DEBUG][ar1] Surface released
[121:52:15.095][INFO][n91] Closed control session
[121:52:15.097][DEBUG][p14] Stopping
[121:52:15.098][INFO][n91] Closed audio session
[121:52:15.098][DEBUG][pp] Stopping
[121:52:15.098][DEBUG][pp] Stopping mic capture
[121:52:15.152][DEBUG][pp] Mic capture stopped
[122:10:52.141][DEBUG][c51] Battery level changed: 92
[122:28:52.221][DEBUG][c51] Battery level changed: 93
[122:30:52.230][DEBUG][c51] Battery level changed: 94
[122:32:52.243][DEBUG][c51] Battery level changed: 95
[122:34:52.256][DEBUG][c51] Battery level changed: 96
[122:35:52.263][DEBUG][c51] Battery level changed: 97
[122:37:52.275][DEBUG][c51] Battery level changed: 98
[122:39:52.290][DEBUG][c51] Battery level changed: 99
[122:40:52.297][DEBUG][c51] Battery level changed: 100
[127:19:17.578][DEBUG][di5] Subscribed
[127:19:17.579][DEBUG][lu1] Subscribed
[127:19:17.604][WARN][yl6] Renderer was released, creating a new one
[127:19:17.604][DEBUG][yl6] Data source is starting
[127:19:17.606][DEBUG][v70] Initializing with size=1280x720
[127:19:17.613][INFO][n91] Requested update to AUDIO_AND_VIDEO
[127:19:17.621][DEBUG][yl6] Viewfinder attached
[127:19:17.621][DEBUG][v70] Attaching Viewfinder
[127:19:17.621][DEBUG][v70] Created surface for viewfinder: 720x1280
[127:19:17.622][WARN][yl6] FPS range [10, 20] not supported, selecting one from: ([15, 15], 0), ([15, 20], 5), ([20, 20], 10), ([24, 24], 18), ([8, 30], 8), ([10, 30], 10), ([15, 30], 15), ([30, 30], 30)
[127:19:17.622][INFO][yl6] Selected FPS range: [15, 15]
[127:19:17.626][DEBUG][ar1] Got a surface request
[127:19:17.626][DEBUG][ar1] VideoOutput source state: ACTIVE_NON_STREAMING
[127:19:17.627][DEBUG][yl6] Camera bound, sensor=90° sensorResolution=1280x720 content=720x1280
[127:19:17.813][INFO][yl6] Device rotation changed: 270°
[127:19:18.481][DEBUG][ar1] VideoOutput source state: ACTIVE_STREAMING
[127:19:20.976][DEBUG][yl6] Viewfinder detached
[127:19:20.976][DEBUG][v70] Detaching Viewfinder
[127:19:20.977][DEBUG][yl6] Data source is stopping
[127:19:20.984][DEBUG][ar1] VideoOutput source state: INACTIVE
[127:19:21.010][DEBUG][v70] Releasing
[127:19:21.011][DEBUG][lu1] Unsubscribed
[127:19:21.012][DEBUG][di5] Unsubscribed
[127:19:21.172][DEBUG][ar1] Surface released
[127:20:41.744][DEBUG][c51] Signal quality changed: 86
[127:21:30.605][DEBUG][NetworkServer-Control] WebSocket opened
[127:21:30.769][DEBUG][NetworkServer-Audio] WebSocket opened
[127:21:30.769][DEBUG][p14] Starting
[127:21:30.866][DEBUG][wp] Audio encoder started
[127:21:30.866][DEBUG][pp] Starting
[127:21:30.867][DEBUG][pp] Starting mic capture
[127:21:31.509][DEBUG][NetworkServer-Video] WebSocket opened
[127:21:31.548][DEBUG][NetworkServer-Video] WebSocket opened
[127:21:31.550][DEBUG][f24] Starting
[127:21:31.550][DEBUG][gm6] Starting, isActive=false
[127:21:31.551][DEBUG][gm6] Frame size updated: 720 x 1280
[127:21:31.551][DEBUG][gm6] Video encoder starting at 720x1280
[127:21:31.719][DEBUG][yl6] Data source is starting
[127:21:31.719][WARN][yl6] Renderer was released, creating a new one
[127:21:31.721][DEBUG][v70] Initializing with size=1280x720
[127:21:31.736][DEBUG][v70] Attaching encoder
[127:21:31.737][WARN][yl6] FPS range [10, 20] not supported, selecting one from: ([15, 15], 0), ([15, 20], 5), ([20, 20], 10), ([24, 24], 18), ([8, 30], 8), ([10, 30], 10), ([15, 30], 15), ([30, 30], 30)
[127:21:31.737][INFO][yl6] Selected FPS range: [15, 15]
[127:21:31.737][DEBUG][v70] Created surface for encoder: 720x1280
[127:21:31.738][DEBUG][yl6] Encoder attached
[127:21:31.748][DEBUG][ar1] Got a surface request
[127:21:31.749][DEBUG][ar1] VideoOutput source state: ACTIVE_NON_STREAMING
[127:21:31.753][DEBUG][yl6] Camera bound, sensor=90° sensorResolution=1280x720 content=720x1280
[127:21:31.941][INFO][yl6] Device rotation changed: 270°
[127:21:32.511][DEBUG][ar1] VideoOutput source state: ACTIVE_STREAMING
[127:21:35.767][DEBUG][yl6] Auto-focus started
[127:21:38.231][DEBUG][yl6] Auto-focus succeeded
[127:31:33.899][DEBUG][NetworkServer-Control] WebSocket opened
[127:31:34.067][DEBUG][NetworkServer-Audio] WebSocket opened
[127:31:37.889][DEBUG][NetworkServer-Video] WebSocket opened
[127:31:37.892][DEBUG][NetworkServer-Video] WebSocket opened
[127:31:37.913][DEBUG][NetworkServer-Video] Dropping non-keyframe chunk while waiting for first keyframe
[127:31:37.973][DEBUG][NetworkServer-Video] Dropping non-keyframe chunk while waiting for first keyframe
[127:31:38.039][DEBUG][NetworkServer-Video] Dropping non-keyframe chunk while waiting for first keyframe
[127:31:38.099][DEBUG][NetworkServer-Video] Dropping non-keyframe chunk while waiting for first keyframe
[127:31:51.332][DEBUG][NetworkServer-Control] WebSocket opened
[127:31:51.562][DEBUG][NetworkServer-Audio] WebSocket opened
[127:31:52.171][DEBUG][NetworkServer-Video] WebSocket opened
[127:31:52.215][DEBUG][NetworkServer-Video] WebSocket opened
[127:31:52.240][DEBUG][NetworkServer-Video] Dropping non-keyframe chunk while waiting for first keyframe
[127:31:52.307][DEBUG][NetworkServer-Video] Dropping non-keyframe chunk while waiting for first keyframe
[127:31:52.371][DEBUG][NetworkServer-Video] Dropping non-keyframe chunk while waiting for first keyframe
[127:33:54.769][INFO][n91] Closed video session
[127:42:02.907][DEBUG][NetworkServer-Video] WebSocket opened
[127:42:02.929][DEBUG][NetworkServer-Video] WebSocket opened
[127:42:02.949][DEBUG][NetworkServer-Video] Dropping non-keyframe chunk while waiting for first keyframe
[127:42:19.304][INFO][n91] Closed video session
[127:46:50.185][INFO][n91] Closed video session
[127:46:50.186][DEBUG][f24] Stopping
[127:46:50.186][DEBUG][gm6] Stopping, isActive=true
[127:46:50.191][DEBUG][yl6] Data source is stopping
[127:46:50.192][DEBUG][v70] Detaching encoder
[127:46:50.193][DEBUG][ar1] VideoOutput source state: INACTIVE
[127:46:50.215][DEBUG][gm6] Video encoder stopped
[127:46:50.230][DEBUG][yl6] Encoder detached
[127:46:50.233][DEBUG][v70] Releasing
[127:46:50.376][DEBUG][ar1] Surface released
[127:46:51.418][INFO][n91] Closed control session
[127:46:51.420][INFO][n91] Closed audio session
[127:48:44.977][DEBUG][NetworkServer-Video] WebSocket opened
[127:48:45.024][DEBUG][NetworkServer-Video] WebSocket opened
[127:48:45.027][DEBUG][f24] Starting
[127:48:45.027][DEBUG][gm6] Starting, isActive=false
[127:48:45.027][DEBUG][gm6] Frame size updated: 720 x 1280
[127:48:45.028][DEBUG][gm6] Video encoder starting at 720x1280
[127:48:45.203][DEBUG][yl6] Data source is starting
[127:48:45.205][WARN][yl6] Renderer was released, creating a new one
[127:48:45.207][DEBUG][v70] Initializing with size=1280x720
[127:48:45.225][DEBUG][v70] Attaching encoder
[127:48:45.225][WARN][yl6] FPS range [10, 20] not supported, selecting one from: ([15, 15], 0), ([15, 20], 5), ([20, 20], 10), ([24, 24], 18), ([8, 30], 8), ([10, 30], 10), ([15, 30], 15), ([30, 30], 30)
[127:48:45.226][INFO][yl6] Selected FPS range: [15, 15]
[127:48:45.230][DEBUG][v70] Created surface for encoder: 720x1280
[127:48:45.230][DEBUG][yl6] Encoder attached
[127:48:45.238][DEBUG][ar1] Got a surface request
[127:48:45.239][DEBUG][ar1] VideoOutput source state: ACTIVE_NON_STREAMING
[127:48:45.243][DEBUG][yl6] Camera bound, sensor=90° sensorResolution=1280x720 content=720x1280
[127:48:45.411][INFO][yl6] Device rotation changed: 270°
[127:48:45.972][DEBUG][ar1] VideoOutput source state: ACTIVE_STREAMING
[127:48:49.291][DEBUG][yl6] Auto-focus started
[127:48:51.898][DEBUG][yl6] Auto-focus succeeded
[127:49:59.089][INFO][n91] Closed video session
[127:49:59.090][DEBUG][f24] Stopping
[127:49:59.090][DEBUG][gm6] Stopping, isActive=true
[127:49:59.092][DEBUG][yl6] Data source is stopping
[127:49:59.096][DEBUG][ar1] VideoOutput source state: INACTIVE
[127:49:59.107][DEBUG][gm6] Video encoder stopped
[127:49:59.108][DEBUG][v70] Detaching encoder
[127:49:59.110][DEBUG][yl6] Encoder detached
[127:49:59.117][DEBUG][v70] Releasing
[127:49:59.342][DEBUG][ar1] Surface released
[127:55:07.359][DEBUG][NetworkServer-Video] WebSocket opened
[127:55:07.376][DEBUG][NetworkServer-Video] WebSocket opened
[127:55:07.378][DEBUG][f24] Starting
[127:55:07.378][DEBUG][gm6] Starting, isActive=false
[127:55:07.379][DEBUG][gm6] Frame size updated: 720 x 1280
[127:55:07.379][DEBUG][gm6] Video encoder starting at 720x1280
[127:55:07.585][DEBUG][yl6] Data source is starting
[127:55:07.586][WARN][yl6] Renderer was released, creating a new one
[127:55:07.595][DEBUG][v70] Initializing with size=1280x720
[127:55:07.610][WARN][yl6] FPS range [10, 20] not supported, selecting one from: ([15, 15], 0), ([15, 20], 5), ([20, 20], 10), ([24, 24], 18), ([8, 30], 8), ([10, 30], 10), ([15, 30], 15), ([30, 30], 30)
[127:55:07.610][DEBUG][v70] Attaching encoder
[127:55:07.610][INFO][yl6] Selected FPS range: [15, 15]
[127:55:07.612][DEBUG][v70] Created surface for encoder: 720x1280
[127:55:07.612][DEBUG][yl6] Encoder attached
[127:55:07.620][DEBUG][ar1] Got a surface request
[127:55:07.621][DEBUG][ar1] VideoOutput source state: ACTIVE_NON_STREAMING
[127:55:07.624][DEBUG][yl6] Camera bound, sensor=90° sensorResolution=1280x720 content=720x1280
[127:55:07.721][INFO][yl6] Device rotation changed: 270°
[127:55:08.372][DEBUG][ar1] VideoOutput source state: ACTIVE_STREAMING
[127:55:11.640][DEBUG][yl6] Auto-focus started
[127:55:14.146][DEBUG][yl6] Auto-focus succeeded
[127:57:07.296][DEBUG][f24] Stopping
[127:57:07.296][DEBUG][gm6] Stopping, isActive=true
[127:57:07.297][INFO][n91] Closed video session
[127:57:07.303][DEBUG][yl6] Data source is stopping
[127:57:07.304][DEBUG][v70] Detaching encoder
[127:57:07.307][DEBUG][ar1] VideoOutput source state: INACTIVE
[127:57:07.312][DEBUG][yl6] Encoder detached
[127:57:07.323][DEBUG][gm6] Video encoder stopped
[127:57:07.352][DEBUG][v70] Releasing
[127:57:07.511][DEBUG][ar1] Surface released
[128:07:04.887][DEBUG][NetworkServer-Video] WebSocket opened
[128:07:04.924][DEBUG][NetworkServer-Video] WebSocket opened
[128:07:04.925][DEBUG][f24] Starting
[128:07:04.925][DEBUG][gm6] Starting, isActive=false
[128:07:04.926][DEBUG][gm6] Frame size updated: 720 x 1280
[128:07:04.926][DEBUG][gm6] Video encoder starting at 720x1280
[128:07:05.128][WARN][yl6] Renderer was released, creating a new one
[128:07:05.127][DEBUG][yl6] Data source is starting
[128:07:05.133][DEBUG][v70] Initializing with size=1280x720
[128:07:05.149][DEBUG][v70] Attaching encoder
[128:07:05.150][WARN][yl6] FPS range [10, 20] not supported, selecting one from: ([15, 15], 0), ([15, 20], 5), ([20, 20], 10), ([24, 24], 18), ([8, 30], 8), ([10, 30], 10), ([15, 30], 15), ([30, 30], 30)
[128:07:05.151][INFO][yl6] Selected FPS range: [15, 15]
[128:07:05.151][DEBUG][v70] Created surface for encoder: 720x1280
[128:07:05.158][DEBUG][yl6] Encoder attached
[128:07:05.166][DEBUG][ar1] Got a surface request
[128:07:05.166][DEBUG][ar1] VideoOutput source state: ACTIVE_NON_STREAMING
[128:07:05.171][DEBUG][yl6] Camera bound, sensor=90° sensorResolution=1280x720 content=720x1280
[128:07:05.369][INFO][yl6] Device rotation changed: 270°
[128:07:05.895][DEBUG][ar1] VideoOutput source state: ACTIVE_STREAMING
[128:07:09.212][DEBUG][yl6] Auto-focus started
[128:07:12.401][DEBUG][yl6] Auto-focus succeeded
[128:08:26.735][DEBUG][f24] Stopping
[128:08:26.735][DEBUG][gm6] Stopping, isActive=true
[128:08:26.736][INFO][n91] Closed video session
[128:08:26.748][DEBUG][yl6] Data source is stopping
[128:08:26.750][DEBUG][ar1] VideoOutput source state: INACTIVE
[128:08:26.766][DEBUG][gm6] Video encoder stopped
[128:08:26.769][DEBUG][v70] Detaching encoder
[128:08:26.777][DEBUG][yl6] Encoder detached
[128:08:26.777][DEBUG][v70] Releasing
[128:08:27.000][DEBUG][ar1] Surface released
[128:08:40.565][DEBUG][di5] Subscribed
[128:08:40.566][DEBUG][lu1] Subscribed
[128:08:40.590][WARN][yl6] Renderer was released, creating a new one
[128:08:40.590][DEBUG][yl6] Data source is starting
[128:08:40.593][DEBUG][v70] Initializing with size=1280x720
[128:08:40.596][INFO][n91] Requested update to AUDIO_AND_VIDEO
[128:08:40.607][DEBUG][yl6] Viewfinder attached
[128:08:40.607][DEBUG][v70] Attaching Viewfinder
[128:08:40.607][WARN][yl6] FPS range [10, 20] not supported, selecting one from: ([15, 15], 0), ([15, 20], 5), ([20, 20], 10), ([24, 24], 18), ([8, 30], 8), ([10, 30], 10), ([15, 30], 15), ([30, 30], 30)
[128:08:40.607][INFO][yl6] Selected FPS range: [15, 15]
[128:08:40.607][DEBUG][v70] Created surface for viewfinder: 720x1280
[128:08:40.610][DEBUG][ar1] Got a surface request
[128:08:40.611][DEBUG][ar1] VideoOutput source state: ACTIVE_NON_STREAMING
[128:08:40.612][DEBUG][yl6] Camera bound, sensor=90° sensorResolution=1280x720 content=720x1280
[128:08:40.790][INFO][yl6] Device rotation changed: 270°
[128:08:41.377][DEBUG][lu1] Unsubscribed
[128:08:41.377][DEBUG][di5] Unsubscribed
[128:08:41.378][DEBUG][yl6] Viewfinder detached
[128:08:41.379][DEBUG][yl6] Data source is stopping
[128:08:41.380][DEBUG][v70] Detaching Viewfinder
[128:08:41.390][DEBUG][ar1] VideoOutput source state: INACTIVE
[128:08:41.399][DEBUG][v70] Releasing
[128:08:41.529][DEBUG][ar1] Surface released
[128:09:04.186][DEBUG][c51] Signal quality changed: 100
[128:15:05.733][DEBUG][NetworkServer-Video] WebSocket opened
[128:15:05.757][DEBUG][NetworkServer-Video] WebSocket opened
[128:15:05.758][DEBUG][f24] Starting
[128:15:05.758][DEBUG][gm6] Starting, isActive=false
[128:15:05.759][DEBUG][gm6] Frame size updated: 720 x 1280
[128:15:05.759][DEBUG][gm6] Video encoder starting at 720x1280
[128:15:05.854][DEBUG][yl6] Data source is starting
[128:15:05.854][WARN][yl6] Renderer was released, creating a new one
[128:15:05.863][DEBUG][v70] Initializing with size=1280x720
[128:15:05.872][WARN][yl6] FPS range [10, 20] not supported, selecting one from: ([15, 15], 0), ([15, 20], 5), ([20, 20], 10), ([24, 24], 18), ([8, 30], 8), ([10, 30], 10), ([15, 30], 15), ([30, 30], 30)
[128:15:05.872][INFO][yl6] Selected FPS range: [15, 15]
[128:15:05.873][DEBUG][v70] Attaching encoder
[128:15:05.874][DEBUG][v70] Created surface for encoder: 720x1280
[128:15:05.874][DEBUG][yl6] Encoder attached
[128:15:05.878][DEBUG][ar1] Got a surface request
[128:15:05.879][DEBUG][ar1] VideoOutput source state: ACTIVE_NON_STREAMING
[128:15:05.880][DEBUG][yl6] Camera bound, sensor=90° sensorResolution=1280x720 content=720x1280
[128:15:05.955][INFO][yl6] Device rotation changed: 270°
[128:15:06.536][DEBUG][ar1] VideoOutput source state: ACTIVE_STREAMING
[128:15:09.891][DEBUG][yl6] Auto-focus started
[128:15:12.050][DEBUG][yl6] Auto-focus succeeded
[128:17:09.497][DEBUG][f24] Stopping
[128:17:09.497][INFO][n91] Closed video session
[128:17:09.498][DEBUG][gm6] Stopping, isActive=true
[128:17:09.508][DEBUG][yl6] Data source is stopping
[128:17:09.509][DEBUG][v70] Detaching encoder
[128:17:09.509][DEBUG][ar1] VideoOutput source state: INACTIVE
[128:17:09.513][DEBUG][yl6] Encoder detached
[128:17:09.517][DEBUG][gm6] Video encoder stopped
[128:17:09.522][DEBUG][v70] Releasing
[128:17:09.656][DEBUG][ar1] Surface released
[128:53:16.054][DEBUG][NetworkServer-Video] WebSocket opened
[128:53:16.083][DEBUG][NetworkServer-Video] WebSocket opened
[128:53:16.084][DEBUG][f24] Starting
[128:53:16.085][DEBUG][gm6] Starting, isActive=false
[128:53:16.086][DEBUG][gm6] Frame size updated: 720 x 1280
[128:53:16.086][DEBUG][gm6] Video encoder starting at 720x1280
[128:53:16.191][DEBUG][yl6] Data source is starting
[128:53:16.191][WARN][yl6] Renderer was released, creating a new one
[128:53:16.191][DEBUG][v70] Initializing with size=1280x720
[128:53:16.195][DEBUG][v70] Attaching encoder
[128:53:16.196][WARN][yl6] FPS range [10, 20] not supported, selecting one from: ([15, 15], 0), ([15, 20], 5), ([20, 20], 10), ([24, 24], 18), ([8, 30], 8), ([10, 30], 10), ([15, 30], 15), ([30, 30], 30)
[128:53:16.196][INFO][yl6] Selected FPS range: [15, 15]
[128:53:16.196][DEBUG][v70] Created surface for encoder: 720x1280
[128:53:16.196][DEBUG][yl6] Encoder attached
[128:53:16.203][DEBUG][ar1] Got a surface request
[128:53:16.203][DEBUG][ar1] VideoOutput source state: ACTIVE_NON_STREAMING
[128:53:16.206][DEBUG][yl6] Camera bound, sensor=90° sensorResolution=1280x720 content=720x1280
[128:53:16.392][INFO][yl6] Device rotation changed: 270°
[128:53:16.848][DEBUG][ar1] VideoOutput source state: ACTIVE_STREAMING
[128:53:20.213][DEBUG][yl6] Auto-focus started
[128:53:22.564][DEBUG][yl6] Auto-focus succeeded
[128:53:51.171][DEBUG][f24] Stopping
[128:53:51.171][DEBUG][gm6] Stopping, isActive=true
[128:53:51.171][INFO][n91] Closed video session
[128:53:51.181][DEBUG][yl6] Data source is stopping
[128:53:51.181][DEBUG][v70] Detaching encoder
[128:53:51.182][DEBUG][ar1] VideoOutput source state: INACTIVE
[128:53:51.185][DEBUG][yl6] Encoder detached
[128:53:51.189][DEBUG][gm6] Video encoder stopped
[128:53:51.196][DEBUG][v70] Releasing
[128:53:51.305][DEBUG][ar1] Surface released
[129:03:13.360][DEBUG][NetworkServer-Video] WebSocket opened
[129:03:13.388][DEBUG][NetworkServer-Video] WebSocket opened
[129:03:13.389][DEBUG][f24] Starting
[129:03:13.389][DEBUG][gm6] Starting, isActive=false
[129:03:13.390][DEBUG][gm6] Frame size updated: 720 x 1280
[129:03:13.390][DEBUG][gm6] Video encoder starting at 720x1280
[129:03:13.459][WARN][yl6] Renderer was released, creating a new one
[129:03:13.459][DEBUG][yl6] Data source is starting
[129:03:13.460][DEBUG][v70] Initializing with size=1280x720
[129:03:13.466][DEBUG][v70] Attaching encoder
[129:03:13.466][WARN][yl6] FPS range [10, 20] not supported, selecting one from: ([15, 15], 0), ([15, 20], 5), ([20, 20], 10), ([24, 24], 18), ([8, 30], 8), ([10, 30], 10), ([15, 30], 15), ([30, 30], 30)
[129:03:13.466][INFO][yl6] Selected FPS range: [15, 15]
[129:03:13.467][DEBUG][v70] Created surface for encoder: 720x1280
[129:03:13.467][DEBUG][yl6] Encoder attached
[129:03:13.469][DEBUG][ar1] Got a surface request
[129:03:13.469][DEBUG][ar1] VideoOutput source state: ACTIVE_NON_STREAMING
[129:03:13.470][DEBUG][yl6] Camera bound, sensor=90° sensorResolution=1280x720 content=720x1280
[129:03:13.617][INFO][yl6] Device rotation changed: 270°
[129:03:14.079][DEBUG][ar1] VideoOutput source state: ACTIVE_STREAMING
[129:03:17.478][DEBUG][yl6] Auto-focus started
[129:03:20.322][DEBUG][yl6] Auto-focus succeeded
[129:05:13.640][DEBUG][f24] Stopping
[129:05:13.640][INFO][n91] Closed video session
[129:05:13.640][DEBUG][gm6] Stopping, isActive=true
[129:05:13.646][DEBUG][v70] Detaching encoder
[129:05:13.646][DEBUG][yl6] Data source is stopping
[129:05:13.647][DEBUG][ar1] VideoOutput source state: INACTIVE
[129:05:13.653][DEBUG][gm6] Video encoder stopped
[129:05:13.656][DEBUG][yl6] Encoder detached
[129:05:13.663][DEBUG][v70] Releasing
[129:05:13.803][DEBUG][ar1] Surface released
[129:34:41.906][DEBUG][NetworkServer-Video] WebSocket opened
[129:34:41.932][DEBUG][NetworkServer-Video] WebSocket opened
[129:34:41.933][DEBUG][f24] Starting
[129:34:41.933][DEBUG][gm6] Starting, isActive=false
[129:34:41.934][DEBUG][gm6] Frame size updated: 720 x 1280
[129:34:41.934][DEBUG][gm6] Video encoder starting at 720x1280
[129:34:42.022][DEBUG][yl6] Data source is starting
[129:34:42.022][WARN][yl6] Renderer was released, creating a new one
[129:34:42.023][DEBUG][v70] Initializing with size=1280x720
[129:34:42.037][DEBUG][v70] Attaching encoder
[129:34:42.037][WARN][yl6] FPS range [10, 20] not supported, selecting one from: ([15, 15], 0), ([15, 20], 5), ([20, 20], 10), ([24, 24], 18), ([8, 30], 8), ([10, 30], 10), ([15, 30], 15), ([30, 30], 30)
[129:34:42.037][INFO][yl6] Selected FPS range: [15, 15]
[129:34:42.038][DEBUG][v70] Created surface for encoder: 720x1280
[129:34:42.039][DEBUG][yl6] Encoder attached
[129:34:42.048][DEBUG][ar1] Got a surface request
[129:34:42.048][DEBUG][ar1] VideoOutput source state: ACTIVE_NON_STREAMING
[129:34:42.053][DEBUG][yl6] Camera bound, sensor=90° sensorResolution=1280x720 content=720x1280
[129:34:42.127][INFO][yl6] Device rotation changed: 270°
[129:34:42.647][DEBUG][ar1] VideoOutput source state: ACTIVE_STREAMING
[129:34:46.071][DEBUG][yl6] Auto-focus started
[129:34:48.494][DEBUG][yl6] Auto-focus succeeded
[129:36:52.020][DEBUG][f24] Stopping
[129:36:52.020][INFO][n91] Closed video session
[129:36:52.020][DEBUG][gm6] Stopping, isActive=true
[129:36:52.029][DEBUG][yl6] Data source is stopping
[129:36:52.029][DEBUG][v70] Detaching encoder
[129:36:52.029][DEBUG][ar1] VideoOutput source state: INACTIVE
[129:36:52.032][DEBUG][yl6] Encoder detached
[129:36:52.037][DEBUG][gm6] Video encoder stopped
[129:36:52.045][DEBUG][v70] Releasing
[129:36:52.178][DEBUG][ar1] Surface released
[129:56:45.199][DEBUG][NetworkServer-Video] WebSocket opened
[129:56:45.218][DEBUG][NetworkServer-Video] WebSocket opened
[129:56:45.219][DEBUG][f24] Starting
[129:56:45.219][DEBUG][gm6] Starting, isActive=false
[129:56:45.220][DEBUG][gm6] Frame size updated: 720 x 1280
[129:56:45.220][DEBUG][gm6] Video encoder starting at 720x1280
[129:56:45.306][DEBUG][yl6] Data source is starting
[129:56:45.306][WARN][yl6] Renderer was released, creating a new one
[129:56:45.306][DEBUG][v70] Initializing with size=1280x720
[129:56:45.310][DEBUG][v70] Attaching encoder
[129:56:45.310][WARN][yl6] FPS range [10, 20] not supported, selecting one from: ([15, 15], 0), ([15, 20], 5), ([20, 20], 10), ([24, 24], 18), ([8, 30], 8), ([10, 30], 10), ([15, 30], 15), ([30, 30], 30)
[129:56:45.311][INFO][yl6] Selected FPS range: [15, 15]
[129:56:45.311][DEBUG][v70] Created surface for encoder: 720x1280
[129:56:45.311][DEBUG][yl6] Encoder attached
[129:56:45.317][DEBUG][ar1] Got a surface request
[129:56:45.317][DEBUG][ar1] VideoOutput source state: ACTIVE_NON_STREAMING
[129:56:45.319][DEBUG][yl6] Camera bound, sensor=90° sensorResolution=1280x720 content=720x1280
[129:56:45.453][INFO][yl6] Device rotation changed: 270°
[129:56:45.948][DEBUG][ar1] VideoOutput source state: ACTIVE_STREAMING
[129:56:49.327][DEBUG][yl6] Auto-focus started
[129:56:52.391][DEBUG][yl6] Auto-focus succeeded
[129:59:45.660][DEBUG][f24] Stopping
[129:59:45.660][DEBUG][gm6] Stopping, isActive=true
[129:59:45.660][INFO][n91] Closed video session
[129:59:45.663][DEBUG][yl6] Data source is stopping
[129:59:45.665][DEBUG][ar1] VideoOutput source state: INACTIVE
[129:59:45.672][DEBUG][v70] Detaching encoder
[129:59:45.673][DEBUG][gm6] Video encoder stopped
[129:59:45.674][DEBUG][yl6] Encoder detached
[129:59:45.675][DEBUG][v70] Releasing
[129:59:45.862][DEBUG][ar1] Surface released
[130:23:25.463][DEBUG][NetworkServer-Video] WebSocket opened
[130:23:25.484][DEBUG][NetworkServer-Video] WebSocket opened
[130:23:25.484][DEBUG][f24] Starting
[130:23:25.484][DEBUG][gm6] Starting, isActive=false
[130:23:25.485][DEBUG][gm6] Frame size updated: 720 x 1280
[130:23:25.485][DEBUG][gm6] Video encoder starting at 720x1280
[130:23:25.581][DEBUG][yl6] Data source is starting
[130:23:25.582][WARN][yl6] Renderer was released, creating a new one
[130:23:25.582][DEBUG][v70] Initializing with size=1280x720
[130:23:25.588][DEBUG][v70] Attaching encoder
[130:23:25.589][WARN][yl6] FPS range [10, 20] not supported, selecting one from: ([15, 15], 0), ([15, 20], 5), ([20, 20], 10), ([24, 24], 18), ([8, 30], 8), ([10, 30], 10), ([15, 30], 15), ([30, 30], 30)
[130:23:25.589][INFO][yl6] Selected FPS range: [15, 15]
[130:23:25.589][DEBUG][v70] Created surface for encoder: 720x1280
[130:23:25.589][DEBUG][yl6] Encoder attached
[130:23:25.595][DEBUG][ar1] Got a surface request
[130:23:25.596][DEBUG][ar1] VideoOutput source state: ACTIVE_NON_STREAMING
[130:23:25.598][DEBUG][yl6] Camera bound, sensor=90° sensorResolution=1280x720 content=720x1280
[130:23:25.788][INFO][yl6] Device rotation changed: 270°
[130:23:26.268][DEBUG][ar1] VideoOutput source state: ACTIVE_STREAMING
[130:23:27.859][INFO][n91] Closed video session
[130:23:27.860][DEBUG][f24] Stopping
[130:23:27.860][DEBUG][gm6] Stopping, isActive=true
[130:23:27.870][DEBUG][yl6] Data source is stopping
[130:23:27.870][DEBUG][v70] Detaching encoder
[130:23:27.871][DEBUG][ar1] VideoOutput source state: INACTIVE
[130:23:27.875][DEBUG][yl6] Encoder detached
[130:23:27.877][DEBUG][gm6] Video encoder stopped
[130:23:27.893][DEBUG][v70] Releasing
[130:23:28.002][DEBUG][ar1] Surface released
[130:28:48.113][DEBUG][p14] Stopping
[130:28:48.113][INFO][n91] Closed audio session
[130:28:48.114][DEBUG][pp] Stopping
[130:28:48.114][DEBUG][pp] Stopping mic capture
[130:28:48.118][INFO][n91] Closed control session
[130:28:48.182][DEBUG][pp] Mic capture stopped
[130:37:04.814][DEBUG][c51] Signal quality changed: 82
[130:38:24.142][DEBUG][c51] Signal quality changed: 100
[130:40:24.157][DEBUG][c51] Signal quality changed: 75
[130:41:24.163][DEBUG][c51] Signal quality changed: 100
[130:42:05.909][DEBUG][NetworkServer-Control] WebSocket opened
[130:42:06.140][DEBUG][NetworkServer-Audio] WebSocket opened
[130:42:06.140][DEBUG][p14] Starting
[130:42:06.223][DEBUG][wp] Audio encoder started
[130:42:06.224][DEBUG][pp] Starting
[130:42:06.224][DEBUG][pp] Starting mic capture
[130:42:07.117][DEBUG][NetworkServer-Video] WebSocket opened
[130:42:07.149][DEBUG][NetworkServer-Video] WebSocket opened
[130:42:07.150][DEBUG][f24] Starting
[130:42:07.150][DEBUG][gm6] Starting, isActive=false
[130:42:07.151][DEBUG][gm6] Frame size updated: 720 x 1280
[130:42:07.152][DEBUG][gm6] Video encoder starting at 720x1280
[130:42:07.305][DEBUG][yl6] Data source is starting
[130:42:07.306][WARN][yl6] Renderer was released, creating a new one
[130:42:07.308][DEBUG][v70] Initializing with size=1280x720
[130:42:07.323][DEBUG][v70] Attaching encoder
[130:42:07.323][WARN][yl6] FPS range [10, 20] not supported, selecting one from: ([15, 15], 0), ([15, 20], 5), ([20, 20], 10), ([24, 24], 18), ([8, 30], 8), ([10, 30], 10), ([15, 30], 15), ([30, 30], 30)
[130:42:07.323][INFO][yl6] Selected FPS range: [15, 15]
[130:42:07.331][DEBUG][v70] Created surface for encoder: 720x1280
[130:42:07.332][DEBUG][yl6] Encoder attached
[130:42:07.339][DEBUG][ar1] Got a surface request
[130:42:07.339][DEBUG][ar1] VideoOutput source state: ACTIVE_NON_STREAMING
[130:42:07.344][DEBUG][yl6] Camera bound, sensor=90° sensorResolution=1280x720 content=720x1280
[130:42:07.515][INFO][yl6] Device rotation changed: 270°
[130:42:08.129][DEBUG][ar1] VideoOutput source state: ACTIVE_STREAMING
[130:42:11.375][DEBUG][yl6] Auto-focus started
[130:42:13.576][DEBUG][yl6] Auto-focus succeeded
[130:42:21.269][DEBUG][f24] Stopping
[130:42:21.269][DEBUG][gm6] Stopping, isActive=true
[130:42:21.272][INFO][n91] Closed video session
[130:42:21.280][DEBUG][yl6] Data source is stopping
[130:42:21.283][DEBUG][ar1] VideoOutput source state: INACTIVE
[130:42:21.289][DEBUG][v70] Detaching encoder
[130:42:21.303][DEBUG][yl6] Encoder detached
[130:42:21.304][DEBUG][gm6] Video encoder stopped
[130:42:21.324][DEBUG][v70] Releasing
[130:42:21.481][DEBUG][ar1] Surface released
[130:42:26.437][DEBUG][c51] Signal quality changed: 95
[130:43:23.531][DEBUG][NetworkServer-Video] WebSocket opened
[130:43:23.547][DEBUG][NetworkServer-Video] WebSocket opened
[130:43:23.548][DEBUG][f24] Starting
[130:43:23.549][DEBUG][gm6] Starting, isActive=false
[130:43:23.551][DEBUG][gm6] Frame size updated: 720 x 1280
[130:43:23.551][DEBUG][gm6] Video encoder starting at 720x1280
[130:43:23.740][DEBUG][yl6] Data source is starting
[130:43:23.742][WARN][yl6] Renderer was released, creating a new one
[130:43:23.746][DEBUG][v70] Initializing with size=1280x720
[130:43:23.764][DEBUG][v70] Attaching encoder
[130:43:23.765][WARN][yl6] FPS range [10, 20] not supported, selecting one from: ([15, 15], 0), ([15, 20], 5), ([20, 20], 10), ([24, 24], 18), ([8, 30], 8), ([10, 30], 10), ([15, 30], 15), ([30, 30], 30)
[130:43:23.765][INFO][yl6] Selected FPS range: [15, 15]
[130:43:23.767][DEBUG][v70] Created surface for encoder: 720x1280
[130:43:23.768][DEBUG][yl6] Encoder attached
[130:43:23.775][DEBUG][ar1] Got a surface request
[130:43:23.775][DEBUG][ar1] VideoOutput source state: ACTIVE_NON_STREAMING
[130:43:23.779][DEBUG][yl6] Camera bound, sensor=90° sensorResolution=1280x720 content=720x1280
[130:43:23.833][INFO][yl6] Device rotation changed: 270°
[130:43:24.503][DEBUG][ar1] VideoOutput source state: ACTIVE_STREAMING
[130:43:24.628][INFO][n91] Closed video session
[130:43:24.629][DEBUG][f24] Stopping
[130:43:24.629][DEBUG][gm6] Stopping, isActive=true
[130:43:24.633][DEBUG][yl6] Data source is stopping
[130:43:24.634][DEBUG][v70] Detaching encoder
[130:43:24.642][DEBUG][gm6] Video encoder stopped
[130:43:24.643][DEBUG][yl6] Encoder detached
[130:43:24.643][DEBUG][ar1] VideoOutput source state: INACTIVE
[130:43:24.657][DEBUG][v70] Releasing
[130:43:24.867][DEBUG][ar1] Surface released
[130:43:46.059][INFO][n91] Closed control session
[130:43:46.275][DEBUG][p14] Stopping
[130:43:46.276][INFO][n91] Closed audio session
[130:43:46.295][DEBUG][pp] Stopping
[130:43:46.296][DEBUG][pp] Stopping mic capture
[130:43:46.392][DEBUG][pp] Mic capture stopped
[130:53:21.837][DEBUG][NetworkServer-Control] WebSocket opened
[130:53:22.059][DEBUG][NetworkServer-Audio] WebSocket opened
[130:53:22.060][DEBUG][p14] Starting
[130:53:22.144][DEBUG][wp] Audio encoder started
[130:53:22.146][DEBUG][pp] Starting
[130:53:22.146][DEBUG][pp] Starting mic capture
[130:53:22.722][DEBUG][NetworkServer-Video] WebSocket opened
[130:53:22.748][DEBUG][NetworkServer-Video] WebSocket opened
[130:53:22.749][DEBUG][f24] Starting
[130:53:22.749][DEBUG][gm6] Starting, isActive=false
[130:53:22.750][DEBUG][gm6] Frame size updated: 720 x 1280
[130:53:22.750][DEBUG][gm6] Video encoder starting at 720x1280
[130:53:22.926][DEBUG][yl6] Data source is starting
[130:53:22.927][WARN][yl6] Renderer was released, creating a new one
[130:53:22.930][DEBUG][v70] Initializing with size=1280x720
[130:53:22.949][DEBUG][v70] Attaching encoder
[130:53:22.949][WARN][yl6] FPS range [10, 20] not supported, selecting one from: ([15, 15], 0), ([15, 20], 5), ([20, 20], 10), ([24, 24], 18), ([8, 30], 8), ([10, 30], 10), ([15, 30], 15), ([30, 30], 30)
[130:53:22.949][INFO][yl6] Selected FPS range: [15, 15]
[130:53:22.952][DEBUG][v70] Created surface for encoder: 720x1280
[130:53:22.953][DEBUG][yl6] Encoder attached
[130:53:22.961][DEBUG][ar1] Got a surface request
[130:53:22.961][DEBUG][ar1] VideoOutput source state: ACTIVE_NON_STREAMING
[130:53:22.965][DEBUG][yl6] Camera bound, sensor=90° sensorResolution=1280x720 content=720x1280
[130:53:23.120][INFO][yl6] Device rotation changed: 270°
[130:53:23.737][DEBUG][ar1] VideoOutput source state: ACTIVE_STREAMING
[130:53:24.868][DEBUG][f24] Stopping
[130:53:24.868][DEBUG][gm6] Stopping, isActive=true
[130:53:24.870][INFO][n91] Closed video session
[130:53:24.871][DEBUG][yl6] Data source is stopping
[130:53:24.872][DEBUG][v70] Detaching encoder
[130:53:24.878][DEBUG][ar1] VideoOutput source state: INACTIVE
[130:53:24.879][DEBUG][yl6] Encoder detached
[130:53:24.881][DEBUG][gm6] Video encoder stopped
[130:53:24.913][DEBUG][v70] Releasing
[130:53:25.127][DEBUG][ar1] Surface released
[130:53:26.072][DEBUG][p14] Stopping
[130:53:26.072][INFO][n91] Closed audio session
[130:53:26.076][INFO][n91] Closed control session
[130:53:26.082][DEBUG][pp] Stopping
[130:53:26.082][DEBUG][pp] Stopping mic capture
[130:53:26.125][DEBUG][pp] Mic capture stopped
[134:14:45.138][DEBUG][NetworkServer-Control] WebSocket opened
[134:14:45.139][DEBUG][NetworkServer-Audio] WebSocket opened
[134:14:45.139][DEBUG][p14] Starting
[134:14:45.293][DEBUG][wp] Audio encoder started
[134:14:45.294][DEBUG][pp] Starting
[134:14:45.295][DEBUG][pp] Starting mic capture
[134:14:45.478][DEBUG][NetworkServer-Video] WebSocket opened
[134:14:45.486][DEBUG][NetworkServer-Video] WebSocket opened
[134:14:45.487][DEBUG][f24] Starting
[134:14:45.487][DEBUG][gm6] Starting, isActive=false
[134:14:45.487][DEBUG][gm6] Frame size updated: 720 x 1280
[134:14:45.487][DEBUG][gm6] Video encoder starting at 720x1280
[134:14:45.647][DEBUG][yl6] Data source is starting
[134:14:45.648][WARN][yl6] Renderer was released, creating a new one
[134:14:45.652][DEBUG][v70] Initializing with size=1280x720
[134:14:45.668][DEBUG][v70] Attaching encoder
[134:14:45.668][WARN][yl6] FPS range [10, 20] not supported, selecting one from: ([15, 15], 0), ([15, 20], 5), ([20, 20], 10), ([24, 24], 18), ([8, 30], 8), ([10, 30], 10), ([15, 30], 15), ([30, 30], 30)
[134:14:45.668][INFO][yl6] Selected FPS range: [15, 15]
[134:14:45.669][DEBUG][v70] Created surface for encoder: 720x1280
[134:14:45.669][DEBUG][yl6] Encoder attached
[134:14:45.679][DEBUG][ar1] Got a surface request
[134:14:45.679][DEBUG][ar1] VideoOutput source state: ACTIVE_NON_STREAMING
[134:14:45.683][DEBUG][yl6] Camera bound, sensor=90° sensorResolution=1280x720 content=720x1280
[134:14:45.801][INFO][yl6] Device rotation changed: 270°
[134:14:46.495][DEBUG][ar1] VideoOutput source state: ACTIVE_STREAMING
[134:14:49.709][DEBUG][yl6] Auto-focus started
[134:14:52.070][DEBUG][yl6] Auto-focus succeeded
[134:14:58.592][DEBUG][f24] Stopping
[134:14:58.593][DEBUG][gm6] Stopping, isActive=true
[134:14:58.611][DEBUG][yl6] Data source is stopping
[134:14:58.613][DEBUG][v70] Detaching encoder
[134:14:58.613][DEBUG][ar1] VideoOutput source state: INACTIVE
[134:14:58.628][DEBUG][gm6] Video encoder stopped
[134:14:58.638][DEBUG][v70] Releasing
[134:14:58.656][DEBUG][yl6] Encoder detached
[134:14:58.782][DEBUG][ar1] Surface released
[135:05:36.945][DEBUG][h15] WebSocket closed normally
[135:05:36.945][DEBUG][p14] Stopping
[135:05:36.946][DEBUG][pp] Stopping
[135:05:36.946][DEBUG][pp] Stopping mic capture
[135:05:36.949][DEBUG][di5] Updated state: ServerHomeScreenState(onLocalNetwork=true, onRelay=false, hasRelay=true, captureMode=AUDIO_AND_VIDEO)
[135:05:37.013][DEBUG][pp] Mic capture stopped
[135:05:40.114][DEBUG][h15] Connecting to relay at RelayConfiguration(<host 1960553357>, with passphrase) as bh1(1cdd4ca6-9245-4972-96b3-f0c4adec7729, 0 addresses)
[135:05:40.139][INFO][h15] Relay disconnected: UnresolvedAddressException: No message. Retrying.
[135:05:43.142][DEBUG][h15] Connecting to relay at RelayConfiguration(<host 1960553357>, with passphrase) as bh1(1cdd4ca6-9245-4972-96b3-f0c4adec7729, 0 addresses)
[135:05:43.161][INFO][h15] Relay disconnected: UnresolvedAddressException: No message. Retrying.
[135:29:59.520][DEBUG][h15] Connecting to relay at RelayConfiguration(<host 1960553357>, with passphrase) as bh1(1cdd4ca6-9245-4972-96b3-f0c4adec7729, 0 addresses)
[135:29:59.529][INFO][h15] Relay disconnected: UnresolvedAddressException: No message. Retrying.
[135:33:43.754][DEBUG][c51] Internet availability changed: false
[138:24:43.310][DEBUG][c51] Signal quality changed: -1
[140:31:59.473][DEBUG][di5] Subscribed
[140:31:59.474][DEBUG][lu1] Subscribed
[140:31:59.474][INFO][n91] Requested update to AUDIO_AND_VIDEO
[140:31:59.500][DEBUG][yl6] Data source is starting
[140:31:59.500][WARN][yl6] Renderer was released, creating a new one
[140:31:59.501][DEBUG][v70] Initializing with size=1280x720
[140:31:59.507][DEBUG][yl6] Viewfinder attached
[140:31:59.508][DEBUG][v70] Attaching Viewfinder
[140:31:59.508][DEBUG][v70] Created surface for viewfinder: 720x1280
[140:31:59.520][WARN][yl6] FPS range [10, 20] not supported, selecting one from: ([15, 15], 0), ([15, 20], 5), ([20, 20], 10), ([24, 24], 18), ([8, 30], 8), ([10, 30], 10), ([15, 30], 15), ([30, 30], 30)
[140:31:59.520][INFO][yl6] Selected FPS range: [15, 15]
[140:31:59.522][DEBUG][ar1] Got a surface request
[140:31:59.522][DEBUG][ar1] VideoOutput source state: ACTIVE_NON_STREAMING
[140:31:59.524][DEBUG][yl6] Camera bound, sensor=90° sensorResolution=1280x720 content=720x1280
[140:31:59.586][INFO][yl6] Device rotation changed: 270°
[140:32:00.274][DEBUG][ar1] VideoOutput source state: ACTIVE_STREAMING
[140:32:02.142][DEBUG][c51] Internet availability changed: true
[140:32:02.142][DEBUG][h15] Connecting to relay at RelayConfiguration(<host 1960553357>, with passphrase) as bh1(1cdd4ca6-9245-4972-96b3-f0c4adec7729, 0 addresses)
[140:32:02.459][DEBUG][h15] WebSocket opened
[140:32:02.459][INFO][h15] Registered with relay as bh1(1cdd4ca6-9245-4972-96b3-f0c4adec7729, 0 addresses)
[140:32:02.460][DEBUG][di5] Updated state: ServerHomeScreenState(onLocalNetwork=true, onRelay=true, hasRelay=true, captureMode=AUDIO_AND_VIDEO)
[140:32:03.536][DEBUG][yl6] Auto-focus started
[140:32:05.917][DEBUG][yl6] Auto-focus succeeded
[140:32:09.086][DEBUG][NetworkServer-Control] WebSocket opened
[140:32:09.500][DEBUG][NetworkServer-Audio] WebSocket opened
[140:32:09.501][DEBUG][p14] Starting
[140:32:09.541][DEBUG][wp] Audio encoder started
[140:32:09.541][DEBUG][pp] Starting
[140:32:09.542][DEBUG][pp] Starting mic capture
[140:32:10.109][DEBUG][NetworkServer-Video] WebSocket opened
[140:32:10.143][DEBUG][NetworkServer-Video] WebSocket opened
[140:32:10.143][DEBUG][f24] Starting
[140:32:10.143][DEBUG][gm6] Starting, isActive=false
[140:32:10.144][DEBUG][gm6] Frame size updated: 720 x 1280
[140:32:10.144][DEBUG][gm6] Video encoder starting at 720x1280
[140:32:10.209][DEBUG][v70] Attaching encoder
[140:32:10.210][DEBUG][v70] Created surface for encoder: 720x1280
[140:32:10.210][DEBUG][yl6] Encoder attached
[140:32:13.281][DEBUG][f24] Stopping
[140:32:13.281][DEBUG][gm6] Stopping, isActive=true
[140:32:13.281][INFO][n91] Closed video session
[140:32:13.291][DEBUG][v70] Detaching encoder
[140:32:13.297][DEBUG][yl6] Encoder detached
[140:32:13.298][DEBUG][gm6] Video encoder stopped
[140:32:36.078][DEBUG][c51] Signal quality changed: 100
[140:33:46.163][DEBUG][NetworkServer-Control] WebSocket opened
[140:33:46.336][DEBUG][NetworkServer-Audio] WebSocket opened
[140:33:47.087][DEBUG][NetworkServer-Video] WebSocket opened
[140:33:47.112][DEBUG][NetworkServer-Video] WebSocket opened
[140:33:47.113][DEBUG][f24] Starting
[140:33:47.113][DEBUG][gm6] Starting, isActive=false
[140:33:47.113][DEBUG][gm6] Frame size updated: 720 x 1280
[140:33:47.113][DEBUG][gm6] Video encoder starting at 720x1280
[140:33:47.197][DEBUG][v70] Attaching encoder
[140:33:47.198][DEBUG][v70] Created surface for encoder: 720x1280
[140:33:47.199][DEBUG][yl6] Encoder attached
[140:46:35.918][DEBUG][NetworkServer-Video] WebSocket opened
[140:46:35.936][DEBUG][NetworkServer-Video] WebSocket opened
[140:46:35.954][DEBUG][NetworkServer-Video] Dropping non-keyframe chunk while waiting for first keyframe
[140:46:36.021][DEBUG][NetworkServer-Video] Dropping non-keyframe chunk while waiting for first keyframe
[140:46:36.089][DEBUG][NetworkServer-Video] Dropping non-keyframe chunk while waiting for first keyframe
[140:46:36.160][DEBUG][NetworkServer-Video] Dropping non-keyframe chunk while waiting for first keyframe
[140:46:36.372][INFO][n91] Closed video session
[140:48:36.086][DEBUG][c51] Battery level changed: 97
[140:53:36.103][DEBUG][c51] Battery level changed: 96
[140:58:36.114][DEBUG][c51] Battery level changed: 95
[141:03:36.128][DEBUG][c51] Battery level changed: 94
[141:08:36.139][DEBUG][c51] Battery level changed: 93
[141:13:36.154][DEBUG][c51] Battery level changed: 92
[141:14:15.796][DEBUG][f24] Stopping
[141:14:15.796][DEBUG][gm6] Stopping, isActive=true
[141:14:15.796][INFO][n91] Closed video session
[141:14:15.807][DEBUG][v70] Detaching encoder
[141:14:15.809][DEBUG][yl6] Encoder detached
[141:14:15.817][DEBUG][gm6] Video encoder stopped
[141:14:15.820][INFO][n91] Closed audio session
[141:19:36.170][DEBUG][c51] Battery level changed: 91
[141:24:36.181][DEBUG][c51] Battery level changed: 90
[141:30:36.197][DEBUG][c51] Battery level changed: 89
[141:36:36.211][DEBUG][c51] Battery level changed: 88
[141:43:36.229][DEBUG][c51] Battery level changed: 87
[141:49:36.246][DEBUG][c51] Battery level changed: 86
[141:55:36.260][DEBUG][c51] Battery level changed: 85
[141:59:38.533][INFO][n91] Closed control session
[141:59:38.534][DEBUG][p14] Stopping
[141:59:38.535][DEBUG][pp] Stopping
[141:59:38.535][INFO][n91] Closed audio session
[141:59:38.536][DEBUG][pp] Stopping mic capture
[141:59:38.585][DEBUG][pp] Mic capture stopped
[142:02:36.279][DEBUG][c51] Battery level changed: 84
[142:09:36.295][DEBUG][c51] Battery level changed: 83
[142:16:36.314][DEBUG][c51] Battery level changed: 82
[142:23:36.327][DEBUG][c51] Battery level changed: 81
[142:30:36.343][DEBUG][c51] Battery level changed: 80
[142:36:36.354][DEBUG][c51] Battery level changed: 79
[142:43:36.369][DEBUG][c51] Battery level changed: 78
[142:49:36.381][DEBUG][c51] Battery level changed: 77
[142:54:43.330][DEBUG][NetworkServer-Control] WebSocket opened
[142:54:43.580][DEBUG][NetworkServer-Audio] WebSocket opened
[142:54:43.581][DEBUG][p14] Starting
[142:54:43.639][DEBUG][wp] Audio encoder started
[142:54:43.639][DEBUG][pp] Starting
[142:54:43.640][DEBUG][pp] Starting mic capture
[142:54:44.194][DEBUG][NetworkServer-Video] WebSocket opened
[142:54:44.212][DEBUG][NetworkServer-Video] WebSocket opened
[142:54:44.212][DEBUG][f24] Starting
[142:54:44.212][DEBUG][gm6] Starting, isActive=false
[142:54:44.213][DEBUG][gm6] Frame size updated: 720 x 1280
[142:54:44.213][DEBUG][gm6] Video encoder starting at 720x1280
[142:54:44.328][DEBUG][v70] Attaching encoder
[142:54:44.329][DEBUG][v70] Created surface for encoder: 720x1280
[142:54:44.329][DEBUG][yl6] Encoder attached
[142:54:46.777][INFO][n91] Closed video session
[142:54:46.777][DEBUG][f24] Stopping
[142:54:46.777][DEBUG][gm6] Stopping, isActive=true
[142:54:46.784][DEBUG][v70] Detaching encoder
[142:54:46.785][DEBUG][yl6] Encoder detached
[142:54:46.787][DEBUG][gm6] Video encoder stopped
[142:54:48.350][INFO][n91] Closed control session
[142:54:48.355][DEBUG][p14] Stopping
[142:54:48.356][INFO][n91] Closed audio session
[142:54:48.356][DEBUG][pp] Stopping
[142:54:48.356][DEBUG][pp] Stopping mic capture
[142:54:48.390][DEBUG][pp] Mic capture stopped
[142:56:36.399][DEBUG][c51] Battery level changed: 76
[143:02:36.416][DEBUG][c51] Battery level changed: 75
[143:07:39.353][DEBUG][yl6] Viewfinder detached
[143:07:39.354][DEBUG][v70] Detaching Viewfinder
[143:07:39.362][DEBUG][yl6] Data source is stopping
[143:07:39.371][DEBUG][lu1] Unsubscribed
[143:07:39.373][DEBUG][di5] Unsubscribed
[143:07:39.381][DEBUG][ar1] VideoOutput source state: INACTIVE
[143:07:39.394][DEBUG][v70] Releasing
[143:07:39.551][DEBUG][ar1] Surface released
[143:18:45.189][DEBUG][c51] Battery level changed: 76
[143:21:06.742][INFO][n91] Closed control session
[143:21:06.954][DEBUG][NetworkServer-Control] WebSocket opened
[143:21:07.118][DEBUG][NetworkServer-Audio] WebSocket opened
[143:21:07.120][DEBUG][p14] Starting
[143:21:07.199][DEBUG][wp] Audio encoder started
[143:21:07.199][DEBUG][pp] Starting
[143:21:07.200][DEBUG][pp] Starting mic capture
[143:21:07.950][DEBUG][NetworkServer-Video] WebSocket opened
[143:21:07.973][DEBUG][NetworkServer-Video] WebSocket opened
[143:21:07.975][DEBUG][f24] Starting
[143:21:07.975][DEBUG][gm6] Starting, isActive=false
[143:21:07.976][DEBUG][gm6] Frame size updated: 720 x 1280
[143:21:07.977][DEBUG][gm6] Video encoder starting at 720x1280
[143:21:08.154][DEBUG][yl6] Data source is starting
[143:21:08.154][WARN][yl6] Renderer was released, creating a new one
[143:21:08.156][DEBUG][v70] Initializing with size=1280x720
[143:21:08.173][DEBUG][v70] Attaching encoder
[143:21:08.174][WARN][yl6] FPS range [10, 20] not supported, selecting one from: ([15, 15], 0), ([15, 20], 5), ([20, 20], 10), ([24, 24], 18), ([8, 30], 8), ([10, 30], 10), ([15, 30], 15), ([30, 30], 30)
[143:21:08.174][INFO][yl6] Selected FPS range: [15, 15]
[143:21:08.175][DEBUG][v70] Created surface for encoder: 720x1280
[143:21:08.176][DEBUG][yl6] Encoder attached
[143:21:08.193][DEBUG][ar1] Got a surface request
[143:21:08.194][DEBUG][ar1] VideoOutput source state: ACTIVE_NON_STREAMING
[143:21:08.199][DEBUG][yl6] Camera bound, sensor=90° sensorResolution=1280x720 content=720x1280
[143:21:08.353][INFO][yl6] Device rotation changed: 270°
[143:21:08.954][DEBUG][ar1] VideoOutput source state: ACTIVE_STREAMING
[143:21:12.226][DEBUG][yl6] Auto-focus started
[143:21:14.529][DEBUG][yl6] Auto-focus succeeded
[143:23:21.865][DEBUG][f24] Stopping
[143:23:21.865][DEBUG][gm6] Stopping, isActive=true
[143:23:21.865][INFO][n91] Closed video session
[143:23:21.874][DEBUG][yl6] Data source is stopping
[143:23:21.878][DEBUG][ar1] VideoOutput source state: INACTIVE
[143:23:21.891][DEBUG][v70] Detaching encoder
[143:23:21.893][DEBUG][gm6] Video encoder stopped
[143:23:21.895][DEBUG][yl6] Encoder detached
[143:23:21.900][DEBUG][v70] Releasing
[143:23:22.110][DEBUG][ar1] Surface released
[143:32:04.200][DEBUG][c51] Battery level changed: 77
[143:43:04.267][DEBUG][c51] Battery level changed: 78
[143:53:04.322][DEBUG][c51] Battery level changed: 79
[144:03:04.394][DEBUG][c51] Battery level changed: 80
[144:05:21.194][DEBUG][NetworkServer-Control] WebSocket opened
[144:05:21.475][DEBUG][NetworkServer-Audio] WebSocket opened
[144:05:22.351][DEBUG][NetworkServer-Video] WebSocket opened
[144:05:22.381][DEBUG][NetworkServer-Video] WebSocket opened
[144:05:22.382][DEBUG][f24] Starting
[144:05:22.383][DEBUG][gm6] Starting, isActive=false
[144:05:22.384][DEBUG][gm6] Frame size updated: 720 x 1280
[144:05:22.384][DEBUG][gm6] Video encoder starting at 720x1280
[144:05:22.568][DEBUG][yl6] Data source is starting
[144:05:22.570][WARN][yl6] Renderer was released, creating a new one
[144:05:22.573][DEBUG][v70] Initializing with size=1280x720
[144:05:22.591][WARN][yl6] FPS range [10, 20] not supported, selecting one from: ([15, 15], 0), ([15, 20], 5), ([20, 20], 10), ([24, 24], 18), ([8, 30], 8), ([10, 30], 10), ([15, 30], 15), ([30, 30], 30)
[144:05:22.591][INFO][yl6] Selected FPS range: [15, 15]
[144:05:22.593][DEBUG][v70] Attaching encoder
[144:05:22.596][DEBUG][v70] Created surface for encoder: 720x1280
[144:05:22.596][DEBUG][yl6] Encoder attached
[144:05:22.604][DEBUG][ar1] Got a surface request
[144:05:22.605][DEBUG][ar1] VideoOutput source state: ACTIVE_NON_STREAMING
[144:05:22.609][DEBUG][yl6] Camera bound, sensor=90° sensorResolution=1280x720 content=720x1280
[144:05:22.765][INFO][yl6] Device rotation changed: 270°
[144:05:23.347][DEBUG][ar1] VideoOutput source state: ACTIVE_STREAMING
[144:05:26.626][DEBUG][yl6] Auto-focus started
[144:05:29.001][DEBUG][yl6] Auto-focus succeeded
[144:05:44.642][DEBUG][f24] Stopping
[144:05:44.643][DEBUG][gm6] Stopping, isActive=true
[144:05:44.644][INFO][n91] Closed video session
[144:05:44.662][DEBUG][yl6] Data source is stopping
[144:05:44.665][DEBUG][ar1] VideoOutput source state: INACTIVE
[144:05:44.675][DEBUG][gm6] Video encoder stopped
[144:05:44.676][DEBUG][v70] Detaching encoder
[144:05:44.685][DEBUG][yl6] Encoder detached
[144:05:44.692][DEBUG][v70] Releasing
[144:05:44.824][DEBUG][ar1] Surface released
[144:15:04.471][DEBUG][c51] Battery level changed: 81
[144:16:39.995][DEBUG][NetworkServer-Video] WebSocket opened
[144:16:40.041][DEBUG][NetworkServer-Video] WebSocket opened
[144:16:40.042][DEBUG][f24] Starting
[144:16:40.042][DEBUG][gm6] Starting, isActive=false
[144:16:40.044][DEBUG][gm6] Frame size updated: 720 x 1280
[144:16:40.044][DEBUG][gm6] Video encoder starting at 720x1280
[144:16:40.244][WARN][yl6] Renderer was released, creating a new one
[144:16:40.243][DEBUG][yl6] Data source is starting
[144:16:40.255][DEBUG][v70] Initializing with size=1280x720
[144:16:40.271][DEBUG][v70] Attaching encoder
[144:16:40.272][WARN][yl6] FPS range [10, 20] not supported, selecting one from: ([15, 15], 0), ([15, 20], 5), ([20, 20], 10), ([24, 24], 18), ([8, 30], 8), ([10, 30], 10), ([15, 30], 15), ([30, 30], 30)
[144:16:40.272][INFO][yl6] Selected FPS range: [15, 15]
[144:16:40.274][DEBUG][v70] Created surface for encoder: 720x1280
[144:16:40.276][DEBUG][yl6] Encoder attached
[144:16:40.282][DEBUG][ar1] Got a surface request
[144:16:40.283][DEBUG][ar1] VideoOutput source state: ACTIVE_NON_STREAMING
[144:16:40.286][DEBUG][yl6] Camera bound, sensor=90° sensorResolution=1280x720 content=720x1280
[144:16:40.447][INFO][yl6] Device rotation changed: 270°
[144:16:41.042][DEBUG][ar1] VideoOutput source state: ACTIVE_STREAMING
[144:16:44.326][DEBUG][yl6] Auto-focus started
[144:16:47.421][WARN][yl6] Auto-focus failed: null
[144:17:41.592][DEBUG][NetworkServer-Video] WebSocket opened
[144:17:41.630][DEBUG][NetworkServer-Video] WebSocket opened
[144:17:43.261][INFO][n91] Closed video session
[144:18:40.123][INFO][n91] Closed video session
[144:18:40.124][DEBUG][f24] Stopping
[144:18:40.124][DEBUG][gm6] Stopping, isActive=true
[144:18:40.135][DEBUG][yl6] Data source is stopping
[144:18:40.137][DEBUG][v70] Detaching encoder
[144:18:40.141][DEBUG][ar1] VideoOutput source state: INACTIVE
[144:18:40.143][DEBUG][yl6] Encoder detached
[144:18:40.150][DEBUG][gm6] Video encoder stopped
[144:18:40.164][DEBUG][v70] Releasing
[144:18:40.402][DEBUG][ar1] Surface released
[144:19:06.246][DEBUG][NetworkServer-Video] WebSocket opened
[144:19:06.267][DEBUG][NetworkServer-Video] WebSocket opened
[144:19:06.268][DEBUG][f24] Starting
[144:19:06.268][DEBUG][gm6] Starting, isActive=false
[144:19:06.269][DEBUG][gm6] Frame size updated: 720 x 1280
[144:19:06.269][DEBUG][gm6] Video encoder starting at 720x1280
[144:19:06.461][DEBUG][yl6] Data source is starting
[144:19:06.462][WARN][yl6] Renderer was released, creating a new one
[144:19:06.465][DEBUG][v70] Initializing with size=1280x720
[144:19:06.481][DEBUG][v70] Attaching encoder
[144:19:06.482][WARN][yl6] FPS range [10, 20] not supported, selecting one from: ([15, 15], 0), ([15, 20], 5), ([20, 20], 10), ([24, 24], 18), ([8, 30], 8), ([10, 30], 10), ([15, 30], 15), ([30, 30], 30)
[144:19:06.482][INFO][yl6] Selected FPS range: [15, 15]
[144:19:06.486][DEBUG][v70] Created surface for encoder: 720x1280
[144:19:06.486][DEBUG][yl6] Encoder attached
[144:19:06.502][DEBUG][ar1] Got a surface request
[144:19:06.502][DEBUG][ar1] VideoOutput source state: ACTIVE_NON_STREAMING
[144:19:06.507][DEBUG][yl6] Camera bound, sensor=90° sensorResolution=1280x720 content=720x1280
[144:19:06.607][INFO][yl6] Device rotation changed: 270°
[144:19:07.177][DEBUG][ar1] VideoOutput source state: ACTIVE_STREAMING
[144:19:08.037][DEBUG][f24] Stopping
[144:19:08.038][DEBUG][gm6] Stopping, isActive=true
[144:19:08.038][INFO][n91] Closed video session
[144:19:08.045][DEBUG][yl6] Data source is stopping
[144:19:08.048][DEBUG][v70] Detaching encoder
[144:19:08.051][DEBUG][yl6] Encoder detached
[144:19:08.056][DEBUG][ar1] VideoOutput source state: INACTIVE
[144:19:08.061][DEBUG][gm6] Video encoder stopped
[144:19:08.079][DEBUG][v70] Releasing
[144:19:08.273][DEBUG][ar1] Surface released
[144:19:09.365][INFO][n91] Closed audio session
[144:19:09.377][INFO][n91] Closed control session
[144:20:10.335][DEBUG][NetworkServer-Video] WebSocket opened
[144:20:10.376][DEBUG][NetworkServer-Video] WebSocket opened
[144:20:10.383][DEBUG][f24] Starting
[144:20:10.383][DEBUG][gm6] Starting, isActive=false
[144:20:10.384][DEBUG][gm6] Frame size updated: 720 x 1280
[144:20:10.384][DEBUG][gm6] Video encoder starting at 720x1280
[144:20:10.550][WARN][yl6] Renderer was released, creating a new one
[144:20:10.550][DEBUG][yl6] Data source is starting
[144:20:10.552][DEBUG][v70] Initializing with size=1280x720
[144:20:10.566][DEBUG][v70] Attaching encoder
[144:20:10.567][WARN][yl6] FPS range [10, 20] not supported, selecting one from: ([15, 15], 0), ([15, 20], 5), ([20, 20], 10), ([24, 24], 18), ([8, 30], 8), ([10, 30], 10), ([15, 30], 15), ([30, 30], 30)
[144:20:10.567][INFO][yl6] Selected FPS range: [15, 15]
[144:20:10.571][DEBUG][v70] Created surface for encoder: 720x1280
[144:20:10.572][DEBUG][yl6] Encoder attached
[144:20:10.581][DEBUG][ar1] Got a surface request
[144:20:10.582][DEBUG][ar1] VideoOutput source state: ACTIVE_NON_STREAMING
[144:20:10.585][DEBUG][yl6] Camera bound, sensor=90° sensorResolution=1280x720 content=720x1280
[144:20:10.684][INFO][yl6] Device rotation changed: 270°
[144:20:11.189][DEBUG][f24] Stopping
[144:20:11.190][DEBUG][gm6] Stopping, isActive=true
[144:20:11.193][INFO][n91] Closed video session
[144:20:11.193][DEBUG][yl6] Data source is stopping
[144:20:11.194][DEBUG][v70] Detaching encoder
[144:20:11.196][DEBUG][ar1] VideoOutput source state: INACTIVE
[144:20:11.199][DEBUG][yl6] Encoder detached
[144:20:11.201][DEBUG][gm6] Video encoder stopped
[144:20:11.212][DEBUG][v70] Releasing
[144:20:11.419][DEBUG][ar1] Surface released
[144:20:12.411][INFO][n91] Closed audio session
[144:20:12.412][DEBUG][p14] Stopping
[144:20:12.412][DEBUG][pp] Stopping
[144:20:12.413][DEBUG][pp] Stopping mic capture
[144:20:12.471][DEBUG][pp] Mic capture stopped
[144:20:17.770][INFO][n91] Closed control session
[144:28:43.909][DEBUG][c51] Battery level changed: 82
[144:38:24.867][DEBUG][c51] Battery level changed: 83
[144:48:09.955][DEBUG][c51] Battery level changed: 84
[144:59:38.871][DEBUG][c51] Battery level changed: 85
[145:11:12.145][DEBUG][c51] Battery level changed: 86
[145:22:28.030][DEBUG][c51] Battery level changed: 87
[145:31:44.008][DEBUG][c51] Battery level changed: 88
[145:43:24.050][DEBUG][c51] Battery level changed: 89
[145:50:39.520][DEBUG][c51] Battery level changed: 90
[145:58:08.127][DEBUG][c51] Battery level changed: 91
[146:01:24.781][DEBUG][c51] Battery level changed: 92
[146:02:44.052][DEBUG][c51] Battery level changed: 93
[146:04:05.139][DEBUG][c51] Battery level changed: 94
[146:05:32.768][DEBUG][c51] Battery level changed: 95
[146:07:03.946][DEBUG][c51] Battery level changed: 96
[146:09:39.554][DEBUG][c51] Battery level changed: 97
[146:11:11.388][DEBUG][c51] Battery level changed: 98
[146:12:38.369][DEBUG][c51] Battery level changed: 99
[146:13:55.145][DEBUG][c51] Battery level changed: 100
[152:21:22.937][DEBUG][NetworkServer-Control] WebSocket opened
[152:21:23.287][DEBUG][NetworkServer-Audio] WebSocket opened
[152:21:23.289][DEBUG][p14] Starting
[152:21:23.419][DEBUG][wp] Audio encoder started
[152:21:23.420][DEBUG][pp] Starting
[152:21:23.434][DEBUG][pp] Starting mic capture
[152:21:23.892][DEBUG][NetworkServer-Video] WebSocket opened
[152:21:23.927][DEBUG][NetworkServer-Video] WebSocket opened
[152:21:23.928][DEBUG][f24] Starting
[152:21:23.929][DEBUG][gm6] Starting, isActive=false
[152:21:23.930][DEBUG][gm6] Frame size updated: 720 x 1280
[152:21:23.932][DEBUG][gm6] Video encoder starting at 720x1280
[152:21:24.103][WARN][yl6] Renderer was released, creating a new one
[152:21:24.104][DEBUG][yl6] Data source is starting
[152:21:24.106][DEBUG][v70] Initializing with size=1280x720
[152:21:24.125][DEBUG][v70] Attaching encoder
[152:21:24.127][WARN][yl6] FPS range [10, 20] not supported, selecting one from: ([15, 15], 0), ([15, 20], 5), ([20, 20], 10), ([24, 24], 18), ([8, 30], 8), ([10, 30], 10), ([15, 30], 15), ([30, 30], 30)
[152:21:24.127][INFO][yl6] Selected FPS range: [15, 15]
[152:21:24.134][DEBUG][v70] Created surface for encoder: 720x1280
[152:21:24.134][DEBUG][yl6] Encoder attached
[152:21:24.142][DEBUG][ar1] Got a surface request
[152:21:24.143][DEBUG][ar1] VideoOutput source state: ACTIVE_NON_STREAMING
[152:21:24.148][DEBUG][yl6] Camera bound, sensor=90° sensorResolution=1280x720 content=720x1280
[152:21:24.303][INFO][yl6] Device rotation changed: 270°
[152:21:24.938][DEBUG][ar1] VideoOutput source state: ACTIVE_STREAMING
[152:21:28.170][DEBUG][yl6] Auto-focus started
[152:21:31.707][WARN][yl6] Auto-focus failed: null
[152:23:22.605][DEBUG][f24] Stopping
[152:23:22.605][INFO][n91] Closed video session
[152:23:22.605][DEBUG][gm6] Stopping, isActive=true
[152:23:22.607][DEBUG][yl6] Data source is stopping
[152:23:22.608][DEBUG][v70] Detaching encoder
[152:23:22.610][DEBUG][ar1] VideoOutput source state: INACTIVE
[152:23:22.625][DEBUG][yl6] Encoder detached
[152:23:22.627][DEBUG][gm6] Video encoder stopped
[152:23:22.634][DEBUG][v70] Releasing
[152:23:22.810][DEBUG][ar1] Surface released
[153:29:31.429][DEBUG][NetworkServer-Video] WebSocket opened
[153:29:31.464][DEBUG][NetworkServer-Video] WebSocket opened
[153:29:31.465][DEBUG][f24] Starting
[153:29:31.466][DEBUG][gm6] Starting, isActive=false
[153:29:31.469][DEBUG][gm6] Frame size updated: 720 x 1280
[153:29:31.469][DEBUG][gm6] Video encoder starting at 720x1280
[153:29:31.629][DEBUG][yl6] Data source is starting
[153:29:31.629][WARN][yl6] Renderer was released, creating a new one
[153:29:31.631][DEBUG][v70] Initializing with size=1280x720
[153:29:31.645][DEBUG][v70] Attaching encoder
[153:29:31.646][WARN][yl6] FPS range [10, 20] not supported, selecting one from: ([15, 15], 0), ([15, 20], 5), ([20, 20], 10), ([24, 24], 18), ([8, 30], 8), ([10, 30], 10), ([15, 30], 15), ([30, 30], 30)
[153:29:31.646][INFO][yl6] Selected FPS range: [15, 15]
[153:29:31.655][DEBUG][ar1] Got a surface request
[153:29:31.655][DEBUG][v70] Created surface for encoder: 720x1280
[153:29:31.656][DEBUG][ar1] VideoOutput source state: ACTIVE_NON_STREAMING
[153:29:31.656][DEBUG][yl6] Encoder attached
[153:29:31.661][DEBUG][yl6] Camera bound, sensor=90° sensorResolution=1280x720 content=720x1280
[153:29:31.817][INFO][yl6] Device rotation changed: 270°
[153:29:32.348][DEBUG][ar1] VideoOutput source state: ACTIVE_STREAMING
[153:29:35.675][DEBUG][yl6] Auto-focus started
[153:29:38.658][WARN][yl6] Auto-focus failed: null
[153:29:40.038][INFO][n91] Closed video session
[153:29:40.038][DEBUG][f24] Stopping
[153:29:40.038][DEBUG][gm6] Stopping, isActive=true
[153:29:40.040][DEBUG][yl6] Data source is stopping
[153:29:40.042][DEBUG][v70] Detaching encoder
[153:29:40.045][DEBUG][ar1] VideoOutput source state: INACTIVE
[153:29:40.047][INFO][n91] Closed control session
[153:29:40.058][DEBUG][p14] Stopping
[153:29:40.060][DEBUG][pp] Stopping
[153:29:40.060][DEBUG][pp] Stopping mic capture
[153:29:40.061][INFO][n91] Closed audio session
[153:29:40.062][DEBUG][yl6] Encoder detached
[153:29:40.068][DEBUG][gm6] Video encoder stopped
[153:29:40.073][DEBUG][v70] Releasing
[153:29:40.114][DEBUG][pp] Mic capture stopped
[153:29:40.247][DEBUG][ar1] Surface released
[154:03:45.813][DEBUG][NetworkServer-Control] WebSocket opened
[154:03:49.864][DEBUG][NetworkServer-Video] WebSocket opened
[154:03:49.896][DEBUG][NetworkServer-Video] WebSocket opened
[154:03:49.897][DEBUG][f24] Starting
[154:03:49.898][DEBUG][gm6] Starting, isActive=false
[154:03:49.899][DEBUG][NetworkServer-Audio] WebSocket opened
[154:03:49.899][DEBUG][gm6] Frame size updated: 720 x 1280
[154:03:49.899][DEBUG][p14] Starting
[154:03:49.899][DEBUG][gm6] Video encoder starting at 720x1280
[154:03:49.986][DEBUG][wp] Audio encoder started
[154:03:49.987][DEBUG][pp] Starting
[154:03:49.987][DEBUG][pp] Starting mic capture
[154:03:50.061][DEBUG][yl6] Data source is starting
[154:03:50.062][WARN][yl6] Renderer was released, creating a new one
[154:03:50.067][DEBUG][v70] Initializing with size=1280x720
[154:03:50.083][DEBUG][v70] Attaching encoder
[154:03:50.084][WARN][yl6] FPS range [10, 20] not supported, selecting one from: ([15, 15], 0), ([15, 20], 5), ([20, 20], 10), ([24, 24], 18), ([8, 30], 8), ([10, 30], 10), ([15, 30], 15), ([30, 30], 30)
[154:03:50.084][INFO][yl6] Selected FPS range: [15, 15]
[154:03:50.085][DEBUG][v70] Created surface for encoder: 720x1280
[154:03:50.086][DEBUG][yl6] Encoder attached
[154:03:50.099][DEBUG][ar1] Got a surface request
[154:03:50.099][DEBUG][ar1] VideoOutput source state: ACTIVE_NON_STREAMING
[154:03:50.103][DEBUG][yl6] Camera bound, sensor=90° sensorResolution=1280x720 content=720x1280
[154:03:50.161][INFO][yl6] Device rotation changed: 270°
[154:03:50.824][DEBUG][ar1] VideoOutput source state: ACTIVE_STREAMING
[154:03:54.123][DEBUG][yl6] Auto-focus started
[154:03:56.406][DEBUG][yl6] Auto-focus succeeded
[154:05:56.147][DEBUG][f24] Stopping
[154:05:56.147][INFO][n91] Closed video session
[154:05:56.147][DEBUG][gm6] Stopping, isActive=true
[154:05:56.152][DEBUG][yl6] Data source is stopping
[154:05:56.154][DEBUG][ar1] VideoOutput source state: INACTIVE
[154:05:56.167][DEBUG][v70] Detaching encoder
[154:05:56.172][DEBUG][v70] Releasing
[154:05:56.174][DEBUG][gm6] Video encoder stopped
[154:05:56.186][DEBUG][yl6] Encoder detached
[154:05:56.358][DEBUG][ar1] Surface released
[154:16:08.840][DEBUG][NetworkServer-Video] WebSocket opened
[154:16:08.872][DEBUG][NetworkServer-Video] WebSocket opened
[154:16:08.873][DEBUG][f24] Starting
[154:16:08.874][DEBUG][gm6] Starting, isActive=false
[154:16:08.875][DEBUG][gm6] Frame size updated: 720 x 1280
[154:16:08.875][DEBUG][gm6] Video encoder starting at 720x1280
[154:16:09.051][DEBUG][yl6] Data source is starting
[154:16:09.052][WARN][yl6] Renderer was released, creating a new one
[154:16:09.058][DEBUG][v70] Initializing with size=1280x720
[154:16:09.072][DEBUG][v70] Attaching encoder
[154:16:09.075][WARN][yl6] FPS range [10, 20] not supported, selecting one from: ([15, 15], 0), ([15, 20], 5), ([20, 20], 10), ([24, 24], 18), ([8, 30], 8), ([10, 30], 10), ([15, 30], 15), ([30, 30], 30)
[154:16:09.075][INFO][yl6] Selected FPS range: [15, 15]
[154:16:09.084][DEBUG][v70] Created surface for encoder: 720x1280
[154:16:09.084][DEBUG][yl6] Encoder attached
[154:16:09.087][DEBUG][ar1] Got a surface request
[154:16:09.088][DEBUG][ar1] VideoOutput source state: ACTIVE_NON_STREAMING
[154:16:09.091][DEBUG][yl6] Camera bound, sensor=90° sensorResolution=1280x720 content=720x1280
[154:16:09.218][INFO][yl6] Device rotation changed: 270°
[154:16:09.816][DEBUG][ar1] VideoOutput source state: ACTIVE_STREAMING
[154:16:11.036][INFO][n91] Closed video session
[154:16:11.034][DEBUG][f24] Stopping
[154:16:11.036][DEBUG][gm6] Stopping, isActive=true
[154:16:11.049][DEBUG][yl6] Data source is stopping
[154:16:11.051][DEBUG][v70] Detaching encoder
[154:16:11.054][DEBUG][ar1] VideoOutput source state: INACTIVE
[154:16:11.058][DEBUG][yl6] Encoder detached
[154:16:11.068][DEBUG][gm6] Video encoder stopped
[154:16:11.093][DEBUG][v70] Releasing
[154:16:11.315][DEBUG][ar1] Surface released
[154:16:28.708][DEBUG][di5] Subscribed
[154:16:28.709][DEBUG][lu1] Subscribed
[154:16:28.742][WARN][yl6] Renderer was released, creating a new one
[154:16:28.743][DEBUG][yl6] Data source is starting
[154:16:28.744][DEBUG][v70] Initializing with size=1280x720
[154:16:28.747][DEBUG][yl6] Viewfinder attached
[154:16:28.749][DEBUG][v70] Attaching Viewfinder
[154:16:28.749][DEBUG][v70] Created surface for viewfinder: 720x1280
[154:16:28.758][INFO][n91] Requested update to AUDIO_AND_VIDEO
[154:16:28.761][WARN][yl6] FPS range [10, 20] not supported, selecting one from: ([15, 15], 0), ([15, 20], 5), ([20, 20], 10), ([24, 24], 18), ([8, 30], 8), ([10, 30], 10), ([15, 30], 15), ([30, 30], 30)
[154:16:28.761][INFO][yl6] Selected FPS range: [15, 15]
[154:16:28.763][DEBUG][ar1] Got a surface request
[154:16:28.763][DEBUG][ar1] VideoOutput source state: ACTIVE_NON_STREAMING
[154:16:28.764][DEBUG][yl6] Camera bound, sensor=90° sensorResolution=1280x720 content=720x1280
[154:16:28.838][INFO][yl6] Device rotation changed: 270°
[154:16:29.622][DEBUG][ar1] VideoOutput source state: ACTIVE_STREAMING
[154:16:31.464][DEBUG][App] Navigating to ServerPairing from org.vpilo.babymonitor.app.navigation.Route.ServerHome, popUpTo=null
[154:16:31.469][DEBUG][di5] Unsubscribed
[154:16:31.470][DEBUG][App] Navigated to: Root -> RootNavGraph -> Onboarding -> CameraPermissionCheck -> ServerHome -> ServerPairing
[154:16:31.475][DEBUG][yl6] Viewfinder detached
[154:16:31.475][DEBUG][yl6] Data source is stopping
[154:16:31.475][DEBUG][v70] Detaching Viewfinder
[154:16:31.477][DEBUG][ar1] VideoOutput source state: INACTIVE
[154:16:31.491][DEBUG][v70] Releasing
[154:16:31.516][DEBUG][ni5] Subscribed
[154:16:31.516][DEBUG][ni5] Updated state: ServerPairingScreenState(ServerPairingState.Active)
[154:16:31.533][DEBUG][ni5] Updated state: ServerPairingScreenState(ServerPairingState.Active)
[154:16:31.615][DEBUG][ar1] Surface released
[154:16:37.365][DEBUG][n91] WebSocket opened
[154:16:37.442][INFO][u91] Paired device e1b41556-eae3-459c-83d1-3ee3a5326ff9
[154:16:37.443][INFO][ed4] Paired with client e1b41556-eae3-459c-83d1-3ee3a5326ff9
[154:16:37.443][DEBUG][n91] WebSocket closed normally
[154:16:37.446][DEBUG][ni5] Updated state: ServerPairingScreenState(ServerPairingState.Succeeded)
[154:16:38.362][DEBUG][NetworkServer-Control] WebSocket opened
[154:16:38.520][DEBUG][NetworkServer-Video] WebSocket opened
[154:16:38.531][DEBUG][NetworkServer-Video] WebSocket opened
[154:16:38.531][DEBUG][f24] Starting
[154:16:38.532][DEBUG][gm6] Starting, isActive=false
[154:16:38.532][DEBUG][gm6] Frame size updated: 720 x 1280
[154:16:38.532][DEBUG][gm6] Video encoder starting at 720x1280
[154:16:38.628][WARN][yl6] Renderer was released, creating a new one
[154:16:38.628][DEBUG][yl6] Data source is starting
[154:16:38.634][DEBUG][v70] Initializing with size=1280x720
[154:16:38.639][DEBUG][v70] Attaching encoder
[154:16:38.640][WARN][yl6] FPS range [10, 20] not supported, selecting one from: ([15, 15], 0), ([15, 20], 5), ([20, 20], 10), ([24, 24], 18), ([8, 30], 8), ([10, 30], 10), ([15, 30], 15), ([30, 30], 30)
[154:16:38.640][DEBUG][v70] Created surface for encoder: 720x1280
[154:16:38.640][INFO][yl6] Selected FPS range: [15, 15]
[154:16:38.640][DEBUG][yl6] Encoder attached
[154:16:38.647][DEBUG][ar1] Got a surface request
[154:16:38.648][DEBUG][ar1] VideoOutput source state: ACTIVE_NON_STREAMING
[154:16:38.651][DEBUG][yl6] Camera bound, sensor=90° sensorResolution=1280x720 content=720x1280
[154:16:38.737][INFO][yl6] Device rotation changed: 270°
[154:16:39.307][DEBUG][ar1] VideoOutput source state: ACTIVE_STREAMING
[154:16:39.463][DEBUG][ServerPairingScreen] Pairing done, navigating away from pairing screen
[154:16:39.463][DEBUG][App] Navigating up from org.vpilo.babymonitor.app.navigation.Route.ServerPairing
[154:16:39.464][DEBUG][ni5] Unsubscribed
[154:16:39.465][DEBUG][ni5] Updated state: ServerPairingScreenState(Idle)
[154:16:39.466][DEBUG][App] Navigated to: Root -> RootNavGraph -> Onboarding -> CameraPermissionCheck -> ServerHome
[154:16:39.519][DEBUG][di5] Subscribed
[154:16:39.530][INFO][n91] Requested update to AUDIO_AND_VIDEO
[154:16:40.228][DEBUG][yl6] Viewfinder attached
[154:16:40.229][DEBUG][v70] Attaching Viewfinder
[154:16:40.229][DEBUG][v70] Created surface for viewfinder: 720x1280
[154:16:42.664][DEBUG][yl6] Auto-focus started
[154:16:45.085][DEBUG][yl6] Auto-focus succeeded
[154:17:04.251][DEBUG][NetworkServer-Audio] WebSocket opened
[154:33:21.131][DEBUG][c51] Battery level changed: 97
[154:38:21.145][DEBUG][c51] Battery level changed: 96
[154:43:21.155][DEBUG][c51] Battery level changed: 95
[154:48:21.167][DEBUG][c51] Battery level changed: 94
[154:53:21.191][DEBUG][c51] Battery level changed: 93
[154:54:23.810][DEBUG][c51] Signal quality changed: 97
[154:55:23.813][DEBUG][c51] Signal quality changed: 100
[154:56:32.025][DEBUG][f24] Stopping
[154:56:32.025][INFO][n91] Closed video session
[154:56:32.025][DEBUG][gm6] Stopping, isActive=true
[154:56:32.027][DEBUG][v70] Detaching encoder
[154:56:32.029][DEBUG][yl6] Encoder detached
[154:56:32.038][DEBUG][gm6] Video encoder stopped
[154:56:45.167][INFO][n91] Closed audio session
[154:56:49.284][INFO][n91] Closed control session
[154:58:21.209][DEBUG][c51] Battery level changed: 92
[155:04:21.228][DEBUG][c51] Battery level changed: 91
[155:08:23.849][DEBUG][c51] Signal quality changed: 97
[155:09:47.539][INFO][n91] Closed control session
[155:09:47.541][DEBUG][p14] Stopping
[155:09:47.541][INFO][n91] Closed audio session
[155:09:47.542][DEBUG][pp] Stopping
[155:09:47.542][DEBUG][pp] Stopping mic capture
[155:09:47.602][DEBUG][pp] Mic capture stopped
[155:10:21.245][DEBUG][c51] Battery level changed: 90
[155:10:23.854][DEBUG][c51] Signal quality changed: 100
[155:17:21.259][DEBUG][c51] Battery level changed: 89
[155:23:21.280][DEBUG][c51] Battery level changed: 88
[155:30:21.298][DEBUG][c51] Battery level changed: 87
[155:36:21.315][DEBUG][c51] Battery level changed: 86
[155:43:21.329][DEBUG][c51] Battery level changed: 85
[155:50:21.347][DEBUG][c51] Battery level changed: 84
[155:57:21.376][DEBUG][c51] Battery level changed: 83
[156:03:21.394][DEBUG][c51] Battery level changed: 82
[156:10:21.416][DEBUG][c51] Battery level changed: 81
[156:17:21.435][DEBUG][c51] Battery level changed: 80
[156:23:21.449][DEBUG][c51] Battery level changed: 79
[156:29:21.464][DEBUG][c51] Battery level changed: 78
[156:36:21.480][DEBUG][c51] Battery level changed: 77
[156:42:21.493][DEBUG][c51] Battery level changed: 76
[156:49:21.514][DEBUG][c51] Battery level changed: 75
[156:56:21.530][DEBUG][c51] Battery level changed: 74
[157:02:21.543][DEBUG][c51] Battery level changed: 73
[157:09:21.561][DEBUG][c51] Battery level changed: 72
[157:16:21.581][DEBUG][c51] Battery level changed: 71
[157:22:21.593][DEBUG][c51] Battery level changed: 70
[157:29:21.610][DEBUG][c51] Battery level changed: 69
[157:35:21.625][DEBUG][c51] Battery level changed: 68
[157:41:21.638][DEBUG][c51] Battery level changed: 67
[157:48:21.656][DEBUG][c51] Battery level changed: 66
[157:54:21.684][DEBUG][c51] Battery level changed: 65
[158:00:21.698][DEBUG][c51] Battery level changed: 64
[158:07:21.725][DEBUG][c51] Battery level changed: 63
[158:13:21.737][DEBUG][c51] Battery level changed: 62
[158:20:21.754][DEBUG][c51] Battery level changed: 61
[158:26:21.774][DEBUG][c51] Battery level changed: 60
[158:32:21.788][DEBUG][c51] Battery level changed: 59
[158:38:21.803][DEBUG][c51] Battery level changed: 58
[158:44:21.817][DEBUG][c51] Battery level changed: 57
[158:51:21.836][DEBUG][c51] Battery level changed: 56
[158:57:21.853][DEBUG][c51] Battery level changed: 55
[159:03:21.867][DEBUG][c51] Battery level changed: 54
[159:05:27.071][DEBUG][h15] WebSocket closed normally
[159:05:27.077][DEBUG][di5] Updated state: ServerHomeScreenState(onLocalNetwork=true, onRelay=false, hasRelay=true, captureMode=AUDIO_AND_VIDEO)
[159:05:30.074][DEBUG][h15] Connecting to relay at RelayConfiguration(<host 1960553357>, with passphrase) as bh1(1cdd4ca6-9245-4972-96b3-f0c4adec7729, 0 addresses)
[159:05:30.088][INFO][h15] Relay disconnected: UnresolvedAddressException: No message. Retrying.
[159:05:33.089][DEBUG][h15] Connecting to relay at RelayConfiguration(<host 1960553357>, with passphrase) as bh1(1cdd4ca6-9245-4972-96b3-f0c4adec7729, 0 addresses)
[159:05:33.094][INFO][h15] Relay disconnected: UnresolvedAddressException: No message. Retrying.
[159:05:36.095][DEBUG][h15] Connecting to relay at RelayConfiguration(<host 1960553357>, with passphrase) as bh1(1cdd4ca6-9245-4972-96b3-f0c4adec7729, 0 addresses)
[159:05:36.110][INFO][h15] Relay disconnected: UnresolvedAddressException: No message. Retrying.
[159:05:37.063][DEBUG][c51] Internet availability changed: false
[159:06:24.563][DEBUG][c51] Signal quality changed: -1
[159:07:24.565][DEBUG][c51] Signal quality changed: 100
[159:07:34.178][DEBUG][c51] Internet availability changed: true
[159:07:34.178][DEBUG][h15] Connecting to relay at RelayConfiguration(<host 1960553357>, with passphrase) as bh1(1cdd4ca6-9245-4972-96b3-f0c4adec7729, 0 addresses)
[159:07:34.526][DEBUG][h15] WebSocket opened
[159:07:34.526][INFO][h15] Registered with relay as bh1(1cdd4ca6-9245-4972-96b3-f0c4adec7729, 0 addresses)
[159:07:34.527][DEBUG][di5] Updated state: ServerHomeScreenState(onLocalNetwork=true, onRelay=true, hasRelay=true, captureMode=AUDIO_AND_VIDEO)
[159:10:21.883][DEBUG][c51] Battery level changed: 53
[159:16:21.899][DEBUG][c51] Battery level changed: 52
[159:22:21.915][DEBUG][c51] Battery level changed: 51
[159:28:21.931][DEBUG][c51] Battery level changed: 50
[159:35:21.950][DEBUG][c51] Battery level changed: 49
[159:40:21.966][DEBUG][c51] Battery level changed: 48
[159:47:21.994][DEBUG][c51] Battery level changed: 47
[159:53:22.007][DEBUG][c51] Battery level changed: 46
[159:59:22.021][DEBUG][c51] Battery level changed: 45
[160:06:22.035][DEBUG][c51] Battery level changed: 44
[160:12:22.051][DEBUG][c51] Battery level changed: 43
[160:18:22.064][DEBUG][c51] Battery level changed: 42
[160:24:22.079][DEBUG][c51] Battery level changed: 41
[160:30:22.091][DEBUG][c51] Battery level changed: 40
[160:36:22.112][DEBUG][c51] Battery level changed: 39
[160:42:22.126][DEBUG][c51] Battery level changed: 38
[160:48:22.138][DEBUG][c51] Battery level changed: 37
[160:54:22.151][DEBUG][c51] Battery level changed: 36
[161:01:22.169][DEBUG][c51] Battery level changed: 35
[161:07:22.183][DEBUG][c51] Battery level changed: 34
[161:14:22.201][DEBUG][c51] Battery level changed: 33
[161:20:22.215][DEBUG][c51] Battery level changed: 32
[161:26:22.230][DEBUG][c51] Battery level changed: 31
[161:33:22.246][DEBUG][c51] Battery level changed: 30
[161:39:22.260][DEBUG][c51] Battery level changed: 29
[161:45:22.273][DEBUG][c51] Battery level changed: 28
[161:51:22.287][DEBUG][c51] Battery level changed: 27
[161:57:22.303][DEBUG][c51] Battery level changed: 26
[162:04:22.321][DEBUG][c51] Battery level changed: 25
[162:10:22.336][DEBUG][c51] Battery level changed: 24
[162:16:22.360][DEBUG][c51] Battery level changed: 23
[162:23:22.377][DEBUG][c51] Battery level changed: 22
[162:29:22.395][DEBUG][c51] Battery level changed: 21
[162:36:22.423][DEBUG][c51] Battery level changed: 20
[162:42:22.436][DEBUG][c51] Battery level changed: 19
[162:48:22.448][DEBUG][c51] Battery level changed: 18
[162:54:22.461][DEBUG][c51] Battery level changed: 17
[163:00:22.476][DEBUG][c51] Battery level changed: 16
[163:06:22.489][DEBUG][c51] Battery level changed: 15
[163:13:22.509][DEBUG][c51] Battery level changed: 14
[163:19:22.522][DEBUG][c51] Battery level changed: 13
[163:25:22.535][DEBUG][c51] Battery level changed: 12
[163:27:39.564][DEBUG][NetworkServer-Control] WebSocket opened
[163:27:39.779][DEBUG][NetworkServer-Audio] WebSocket opened
[163:27:39.780][DEBUG][p14] Starting
[163:27:39.819][DEBUG][wp] Audio encoder started
[163:27:39.819][DEBUG][pp] Starting
[163:27:39.819][DEBUG][pp] Starting mic capture
[163:27:40.409][DEBUG][NetworkServer-Video] WebSocket opened
[163:27:40.449][DEBUG][NetworkServer-Video] WebSocket opened
[163:27:40.449][DEBUG][f24] Starting
[163:27:40.449][DEBUG][gm6] Starting, isActive=false
[163:27:40.450][DEBUG][gm6] Frame size updated: 720 x 1280
[163:27:40.450][DEBUG][gm6] Video encoder starting at 720x1280
[163:27:40.510][DEBUG][v70] Attaching encoder
[163:27:40.512][DEBUG][v70] Created surface for encoder: 720x1280
[163:27:40.512][DEBUG][yl6] Encoder attached
[163:28:19.598][DEBUG][f24] Stopping
[163:28:19.599][DEBUG][gm6] Stopping, isActive=true
[163:28:19.601][INFO][n91] Closed video session
[163:28:19.614][DEBUG][v70] Detaching encoder
[163:28:19.616][DEBUG][yl6] Encoder detached
[163:28:19.617][DEBUG][gm6] Video encoder stopped
[163:28:20.697][DEBUG][p14] Stopping
[163:28:20.697][INFO][n91] Closed audio session
[163:28:20.697][DEBUG][pp] Stopping
[163:28:20.698][DEBUG][pp] Stopping mic capture
[163:28:20.714][INFO][n91] Closed control session
[163:28:20.727][DEBUG][pp] Mic capture stopped
[163:30:22.545][DEBUG][c51] Battery level changed: 11
[163:36:22.561][DEBUG][c51] Battery level changed: 10
[163:42:22.577][DEBUG][c51] Battery level changed: 9
[163:48:22.591][DEBUG][c51] Battery level changed: 8
[163:54:22.604][DEBUG][c51] Battery level changed: 7
[163:59:22.618][DEBUG][c51] Battery level changed: 6
[164:05:22.636][DEBUG][c51] Battery level changed: 5
[164:11:22.649][DEBUG][c51] Battery level changed: 4
[164:12:22.653][DEBUG][c51] Battery level changed: 3
[164:13:22.656][DEBUG][c51] Battery level changed: 2
[164:14:22.658][DEBUG][c51] Battery level changed: 1
[164:16:08.396][DEBUG][yl6] Viewfinder detached
[164:16:08.396][DEBUG][v70] Detaching Viewfinder
[164:16:08.396][DEBUG][yl6] Data source is stopping
[164:16:08.424][DEBUG][lu1] Unsubscribed
[164:16:08.426][DEBUG][di5] Unsubscribed
[164:16:08.429][DEBUG][ar1] VideoOutput source state: INACTIVE
[164:16:08.440][DEBUG][v70] Releasing
[164:16:08.928][DEBUG][ar1] Surface released
